Time,Model Name,File Name,Propagation Delay (s),Processing Delay (ms),E2E Delay (s),location,core
1712166433.36267,yolov5n,6.jpg,0.503815650939941,989.952564239502,1.49376678466797,france,half
1712166434.31835,yolov5n,6.jpg,0.236822128295898,717.833757400513,0.954653978347778,france,half
1712166436.00118,yolov5n,6.jpg,1.32164168357849,360.364198684692,1.68200397491455,france,half
1712166436.9468,yolov5n,6.jpg,0.281326293945312,663.55562210083,0.94488000869751,france,half
1712166437.73444,yolov5n,6.jpg,0.354404211044312,432.45005607605,0.786852598190308,france,half
1712166438.66291,yolov5n,6.jpg,0.262099504470825,665.585517883301,0.927683353424072,france,half
1712166439.32578,yolov5n,6.jpg,0.262065649032593,399.950265884399,0.662013053894043,france,half
1712166440.05767,yolov5n,6.jpg,0.375402688980103,355.27777671814,0.730677366256714,france,half
1712166441.0665,yolov5n,6.jpg,0.202571868896484,805.08303642273,1.00765347480774,france,half
1712166441.83644,yolov5n,6.jpg,0.364086866378784,405.234098434448,0.769318580627441,france,half
1712166442.83779,yolov5n,6.jpg,0.243761777877808,755.75065612793,0.999510526657105,france,half
1712166443.68866,yolov5n,6.jpg,0.420214176177979,429.553270339966,0.849762916564941,france,half
1712166444.55704,yolov5n,6.jpg,0.260960578918457,605.747938156128,0.866705417633057,france,half
1712166445.18674,yolov5n,6.jpg,0.223026275634766,405.571222305298,0.628596305847168,france,half
1712166446.15776,yolov5n,6.jpg,0.195154190063477,774.77765083313,0.969928026199341,france,half
1712166446.88727,yolov5n,6.jpg,0.329391479492187,398.562669754028,0.727949857711792,france,half
1712166447.884,yolov5n,6.jpg,0.2252197265625,769.835710525513,0.995053768157959,france,half
1712166448.86293,yolov5n,6.jpg,0.267907857894897,710.338354110718,0.978244304656982,france,half
1712166449.53839,yolov5n,6.jpg,0.266282796859741,408.402681350708,0.674680948257446,france,half
1712166450.45298,yolov5n,6.jpg,0.264779806137085,647.711753845215,0.912490129470825,france,half
1712166451.16308,yolov5n,6.jpg,0.200769424438477,508.270025253296,0.709037780761719,france,half
1712166452.27269,yolov5n,6.jpg,0.282682657241821,826.1399269104,1.10881567001343,france,half
1712166453.07755,yolov5n,6.jpg,0.403069496154785,400.151968002319,0.803219556808472,france,half
1712166454.1096,yolov5n,6.jpg,0.308531999588013,722.731590270996,1.03126120567322,france,half
1712166454.74754,yolov5n,6.jpg,0.187791585922241,449.177980422974,0.636967897415161,france,half
1712166455.83015,yolov5n,6.jpg,0.22571849822998,856.104850769043,1.08182191848755,france,half
1712166456.56576,yolov5n,6.jpg,0.285154819488525,449.727773666382,0.734880685806274,france,half
1712166457.40066,yolov5n,6.jpg,0.233141183853149,601.04250907898,0.834182024002075,france,half
1712166458.27615,yolov5n,6.jpg,0.221096038818359,653.493642807007,0.874587774276733,france,half
1712166459.17865,yolov5n,6.jpg,0.224597930908203,677.079200744629,0.901675462722778,france,half
1712166460.17642,yolov5n,6.jpg,0.595160961151123,401.842832565308,0.997001886367798,france,half
1712166461.12404,yolov5n,6.jpg,0.458442449569702,488.063097000122,0.94650411605835,france,half
1712166462.1642,yolov5n,6.jpg,0.209787607192993,828.898906707764,1.03868436813355,france,half
1712166462.85099,yolov5n,6.jpg,0.282068729400635,403.952121734619,0.686019420623779,france,half
1712166464.09198,yolov5n,6.jpg,0.513596773147583,726.705551147461,1.24029946327209,france,half
1712166464.65968,yolov5n,6.jpg,0.20225977897644,363.764047622681,0.566021919250488,france,half
1712166465.96716,yolov5n,6.jpg,0.58318305015564,722.976922988892,1.30615854263306,france,half
1712166466.60362,yolov5n,6.jpg,0.226474046707153,409.197568893433,0.635668992996216,france,half
1712166467.62225,yolov5n,6.jpg,0.242927312850952,773.844003677368,1.01676154136658,france,half
1712166468.27837,yolov5n,6.jpg,0.301202058792114,353.91640663147,0.655117273330689,france,half
1712166469.23618,yolov5n,6.jpg,0.253820896148682,703.170776367188,0.956990242004395,france,half
1712166470.46097,yolov5n,6.jpg,0.503517627716064,720.135927200317,1.22365212440491,france,half
1712166471.13335,yolov5n,6.jpg,0.263952970504761,407.505989074707,0.671457529067993,france,half
1712166472.2476,yolov5n,6.jpg,0.269876718521118,843.674421310425,1.11354851722717,france,half
1712166472.95388,yolov5n,6.jpg,0.198480606079102,506.847381591797,0.705323696136475,france,half
1712166473.83187,yolov5n,6.jpg,0.23007869720459,646.018981933594,0.87609601020813,france,half
1712166474.56431,yolov5n,6.jpg,0.288931369781494,442.847013473511,0.731776475906372,france,half
1712166475.53533,yolov5n,6.jpg,0.234135627746582,736.013174057007,0.970147371292114,france,half
1712166476.43312,yolov5n,6.jpg,0.552864789962769,343.990325927734,0.896842479705811,france,half
1712166477.57736,yolov5n,6.jpg,0.394845008850098,748.191356658936,1.14303421974182,france,half
1712166478.25446,yolov5n,6.jpg,0.28262734413147,393.06116104126,0.67568564414978,france,half
1712166479.03966,yolov5n,6.jpg,0.362754344940186,420.737028121948,0.783482789993286,france,half
1712166480.03152,yolov5n,6.jpg,0.241030931472778,748.552083969116,0.989580869674683,france,half
1712166481.05595,yolov5n,6.jpg,0.283637523651123,740.018367767334,1.02364730834961,france,half
1712166481.77258,yolov5n,6.jpg,0.298999547958374,416.217088699341,0.715214252471924,france,half
1712166482.55779,yolov5n,6.jpg,0.376436233520508,407.076120376587,0.78350567817688,france,half
1712166483.46584,yolov5n,6.jpg,0.200414180755615,705.997705459595,0.906409978866577,france,half
1712166484.14128,yolov5n,6.jpg,0.269837856292725,404.844522476196,0.674676895141602,france,half
1712166485.2273,yolov5n,6.jpg,0.253650665283203,830.71231842041,1.08436131477356,france,half
1712166485.86415,yolov5n,6.jpg,0.292676210403442,343.07599067688,0.635750770568848,france,half
1712166487.03645,yolov5n,6.jpg,0.354795932769775,816.660165786743,1.17145347595215,france,half
1712166487.97412,yolov5n,6.jpg,0.40426230430603,532.247304916382,0.936503171920776,france,half
1712166488.86107,yolov5n,6.jpg,0.188858032226563,696.880578994751,0.885736703872681,france,half
1712166489.86459,yolov5n,6.jpg,0.50888466835022,493.771553039551,1.0026524066925,france,half
1712166490.81318,yolov5n,6.jpg,0.234825134277344,712.579727172852,0.947402954101563,france,half
1712166491.76205,yolov5n,6.jpg,0.2707679271698,677.236795425415,0.94800329208374,france,half
1712166492.44431,yolov5n,6.jpg,0.270407199859619,410.989999771118,0.681394338607788,france,half
1712166493.61657,yolov5n,6.jpg,0.333641290664673,837.648153305054,1.17128777503967,france,half
1712166494.34504,yolov5n,6.jpg,0.272919178009033,454.764127731323,0.727681875228882,france,half
1712166495.55669,yolov5n,6.jpg,0.477227449417114,733.607530593872,1.2108314037323,france,half
1712166496.29716,yolov5n,6.jpg,0.316525459289551,421.995401382446,0.738518714904785,france,half
1712166497.17445,yolov5n,6.jpg,0.202640533447266,673.749446868897,0.87638521194458,france,half
1712166498.10468,yolov5n,6.jpg,0.539215564727783,389.801263809204,0.929014682769775,france,half
1712166499.00622,yolov5n,6.jpg,0.231617450714111,668.132543563843,0.899746417999268,france,half
1712166499.68325,yolov5n,6.jpg,0.289465188980103,386.114835739136,0.675577878952026,france,half
1712166500.31675,yolov5n,6.jpg,0.244856834411621,387.574195861816,0.632429361343384,france,half
1712166501.26856,yolov5n,6.jpg,0.287573337554932,663.464784622192,0.95103645324707,france,half
1712166502.24813,yolov5n,6.jpg,0.27026629447937,708.098649978638,0.978362560272217,france,half
1712166502.86119,yolov5n,6.jpg,0.285252809524536,326.962947845459,0.612213611602783,france,half
1712166503.88519,yolov5n,6.jpg,0.609903812408447,413.04087638855,1.02294325828552,france,half
1712166504.91522,yolov5n,6.jpg,0.261515855789185,767.170906066895,1.02868509292603,france,half
1712166505.82821,yolov5n,6.jpg,0.566484689712524,345.349788665771,0.911831617355347,france,half
1712166506.87699,yolov5n,6.jpg,0.31291651725769,734.734296798706,1.04764938354492,france,half
1712166507.59068,yolov5n,6.jpg,0.311121940612793,401.692390441895,0.712808609008789,france,half
1712166508.54565,yolov5n,6.jpg,0.267098426818848,686.315059661865,0.953410863876343,france,half
1712166509.36015,yolov5n,6.jpg,0.403035640716553,410.512447357178,0.813546419143677,france,half
1712166510.35069,yolov5n,6.jpg,0.260344266891479,729.311943054199,0.989654302597046,france,half
1712166511.00785,yolov5n,6.jpg,0.243046283721924,413.021564483643,0.65606427192688,france,half
1712166511.9557,yolov5n,6.jpg,0.274097204208374,672.151803970337,0.946247100830078,france,half
1712166512.91583,yolov5n,6.jpg,0.251145124435425,707.478761672974,0.958622694015503,france,half
1712166513.75155,yolov5n,6.jpg,0.492565631866455,342.451810836792,0.835015535354614,france,half
1712166514.72427,yolov5n,6.jpg,0.252168893814087,717.932224273682,0.970098495483398,france,half
1712166515.25637,yolov5n,6.jpg,0.278847217559814,252.100229263306,0.530944347381592,france,half
1712166516.31413,yolov5n,6.jpg,0.255345821380615,800.724029541016,1.05606746673584,france,half
1712166517.04134,yolov5n,6.jpg,0.28443717956543,441.826105117798,0.726251602172852,france,half
1712166518.13533,yolov5n,6.jpg,0.24340558052063,848.851442337036,1.0922544002533,france,half
1712166518.80094,yolov5n,6.jpg,0.239531755447388,424.286603927612,0.663816690444946,france,half
1712166520.06648,yolov5n,6.jpg,0.503244876861572,760.892391204834,1.26413536071777,france,half
1712166520.73996,yolov5n,6.jpg,0.268269300460815,404.377937316895,0.67264461517334,france,half
1712166521.5835,yolov5n,6.jpg,0.41575026512146,426.337957382202,0.842086315155029,france,half
1712166522.68346,yolov5n,6.jpg,0.321107149124145,777.985095977783,1.09909009933472,france,half
1712166523.65911,yolov5n,6.jpg,0.190471887588501,783.879041671753,0.974348783493042,france,half
1712166524.38218,yolov5n,6.jpg,0.312779664993286,409.335136413574,0.722113132476807,france,half
1712166524.97471,yolov5n,6.jpg,0.213159561157227,378.391981124878,0.591549634933472,france,half
1712166525.8948,yolov5n,6.jpg,0.229744911193848,689.405679702759,0.919148921966553,france,half
1712166526.62553,yolov5n,6.jpg,0.367800951004028,362.147808074951,0.729947090148926,france,half
1712166527.68081,yolov5n,6.jpg,0.311011791229248,743.322134017944,1.0543327331543,france,half
1712166528.36224,yolov5n,6.jpg,0.38610315322876,294.551610946655,0.68065333366394,france,half
1712166529.39997,yolov5n,6.jpg,0.232589721679687,804.307460784912,1.0368959903717,france,half
1712166530.07727,yolov5n,6.jpg,0.296952962875366,379.616737365723,0.676568269729614,france,half
1712166531.15885,yolov5n,6.jpg,0.255794286727905,824.650526046753,1.08044052124023,france,half
1712166532.10563,yolov5n,6.jpg,0.517569065093994,427.914142608643,0.945480346679688,france,half
1712166532.94691,yolov5n,6.jpg,0.244272232055664,595.937490463257,0.840207099914551,france,half
1712166534.04805,yolov5n,6.jpg,0.287961483001709,812.125444412231,1.10008573532105,france,half
1712166534.7425,yolov5n,6.jpg,0.280220746994019,413.492679595947,0.693711757659912,france,half
1712166535.78187,yolov5n,6.jpg,0.22138500213623,817.164659500122,1.03854775428772,france,half
1712166536.34265,yolov5n,6.jpg,0.26013970375061,299.725532531738,0.559861898422241,france,half
1712166537.47514,yolov5n,6.jpg,0.322961568832397,808.645725250244,1.13160395622253,france,half
1712166538.31653,yolov5n,6.jpg,0.449529647827148,390.753746032715,0.840281248092651,france,half
1712166539.31736,yolov5n,6.jpg,0.249910593032837,749.982595443726,0.999890565872192,france,half
1712166539.97279,yolov5n,6.jpg,0.216489553451538,437.55316734314,0.654040098190308,france,half
1712166541.01681,yolov5n,6.jpg,0.326199054718018,716.046810150147,1.04224419593811,france,half
1712166541.72276,yolov5n,6.jpg,0.251995801925659,452.683687210083,0.704677581787109,france,half
1712166542.21386,yolov5n,6.jpg,0.239646196365356,250.288486480713,0.489933490753174,france,half
1712166543.14821,yolov5n,6.jpg,0.266289710998535,667.199850082397,0.933487892150879,france,half
1712166544.53094,yolov5n,6.jpg,0.534805297851563,846.746444702148,1.3815495967865,france,half
1712166545.18817,yolov5n,6.jpg,0.311956167221069,344.380855560303,0.656332731246948,france,half
1712166545.8783,yolov5n,6.jpg,0.309077024459839,379.594564437866,0.688669919967651,france,half
1712166547.01349,yolov5n,6.jpg,0.425686836242676,708.686590194702,1.13437175750732,france,half
1712166547.57211,yolov5n,6.jpg,0.211870908737183,346.007108688354,0.557876586914063,france,half
1712166548.55453,yolov5n,6.jpg,0.191441535949707,789.674997329712,0.981113910675049,france,half
1712166549.30798,yolov5n,6.jpg,0.34512448310852,407.13357925415,0.752255916595459,france,half
1712166551.51054,yolov5n,6.jpg,1.47098636627197,730.737209320068,2.20172095298767,france,half
1712166552.18954,yolov5n,6.jpg,0.230340003967285,447.582721710205,0.677914142608643,france,half
1712166553.1945,yolov5n,6.jpg,0.306489944458008,697.122812271118,1.00361108779907,france,half
1712166553.86037,yolov5n,6.jpg,0.285369634628296,379.663228988647,0.665030956268311,france,half
1712166554.80571,yolov5n,6.jpg,0.22846245765686,715.70348739624,0.944164037704468,france,half
1712166555.7976,yolov5n,6.jpg,0.306669235229492,683.894157409668,0.990561246871948,france,half
1712166556.34631,yolov5n,6.jpg,0.269612789154053,277.615785598755,0.547226428985596,france,half
1712166557.38305,yolov5n,6.jpg,0.309283971786499,726.44829750061,1.03573107719421,france,half
1712166558.16558,yolov5n,6.jpg,0.386284589767456,395.474672317505,0.781757831573486,france,half
1712166559.15764,yolov5n,6.jpg,0.296827793121338,694.530487060547,0.991357088088989,france,half
1712166560.0177,yolov5n,6.jpg,0.34613823890686,512.087821960449,0.85820746421814,france,half
1712166561.12263,yolov5n,6.jpg,0.353720664978027,749.0074634552,1.10272407531738,france,half
1712166561.8764,yolov5n,6.jpg,0.306536197662354,445.711851119995,0.752246618270874,france,half
1712166562.80036,yolov5n,6.jpg,0.226889371871948,695.85919380188,0.922746658325195,france,half
1712166563.39609,yolov5n,6.jpg,0.309135675430298,284.351825714111,0.593485593795776,france,half
1712166564.03094,yolov5n,6.jpg,0.249390125274658,384.647130966187,0.634035587310791,france,half
1712166565.09169,yolov5n,6.jpg,0.310535192489624,749.444484710693,1.05997753143311,france,half
1712166566.05072,yolov5n,6.jpg,0.190668344497681,766.712188720703,0.957367658615112,france,half
1712166566.72855,yolov5n,6.jpg,0.257987976074219,417.567491531372,0.675553798675537,france,half
1712166567.24091,yolov5n,6.jpg,0.177778482437134,333.796977996826,0.511573314666748,france,half
1712166568.28716,yolov5n,6.jpg,0.307003498077393,737.858057022095,1.04485869407654,france,half
1712166568.97448,yolov5n,6.jpg,0.299810171127319,386.039733886719,0.685847520828247,france,half
1712166570.09004,yolov5n,6.jpg,0.410317182540894,704.388856887817,1.11470484733582,france,half
1712166570.83918,yolov5n,6.jpg,0.36308765411377,385.133266448975,0.74821925163269,france,half
1712166571.94399,yolov5n,6.jpg,0.281747102737427,821.760177612305,1.10350561141968,france,half
1712166572.6245,yolov5n,6.jpg,0.344825744628906,334.838390350342,0.679661273956299,france,half
1712166573.63345,yolov5n,6.jpg,0.308412075042725,699.41520690918,1.00782537460327,france,half
1712166574.36398,yolov5n,6.jpg,0.396307229995728,332.668781280518,0.728974342346191,france,half
1712166575.67745,yolov5n,6.jpg,0.545654773712158,766.939878463745,1.31259322166443,france,half
1712166576.66437,yolov5n,6.jpg,0.310970067977905,675.194263458252,0.986163139343262,france,half
1712166578.5521,yolov5n,6.jpg,1.47936081886292,407.617807388306,1.88696694374084,france,half
1712166579.46523,yolov5n,6.jpg,0.191282749176025,720.31044960022,0.911591768264771,france,half
1712166580.1196,yolov5n,6.jpg,0.250686883926392,402.928352355957,0.653608798980713,france,half
1712166581.09025,yolov5n,6.jpg,0.222002744674683,747.23744392395,0.969238758087158,france,half
1712166581.68352,yolov5n,6.jpg,0.216162919998169,375.912189483643,0.592072010040283,france,half
1712166582.65136,yolov5n,6.jpg,0.284191608428955,682.299375534058,0.966483116149902,france,half
1712166583.3391,yolov5n,6.jpg,0.272076368331909,413.80500793457,0.685879230499268,france,half
1712166584.37034,yolov5n,6.jpg,0.201765060424805,828.340291976929,1.03010034561157,france,half
1712166585.09282,yolov5n,6.jpg,0.324300765991211,396.811962127686,0.721108675003052,france,half
1712166585.77381,yolov5n,6.jpg,0.289799928665161,389.981746673584,0.679779767990112,france,half
1712166586.86561,yolov5n,6.jpg,0.306793212890625,784.075975418091,1.09086775779724,france,half
1712166587.94366,yolov5n,6.jpg,0.254806518554687,822.31593132019,1.07712078094482,france,half
1712166589.56414,yolov5n,6.jpg,1.21035981178284,409.02304649353,1.61938095092773,france,half
1712166590.27978,yolov5n,6.jpg,0.302501678466797,412.148714065552,0.714648485183716,france,half
1712166591.27745,yolov5n,6.jpg,0.28161358833313,715.057611465454,0.996669769287109,france,half
1712166591.97597,yolov5n,6.jpg,0.293097496032715,404.643535614014,0.697739124298096,france,half
1712166592.93968,yolov5n,6.jpg,0.27628231048584,686.300992965698,0.962575435638428,france,half
1712166593.64232,yolov5n,6.jpg,0.263364315032959,437.921047210693,0.701282024383545,france,half
1712166594.67766,yolov5n,6.jpg,0.221456050872803,811.728477478027,1.03318238258362,france,half
1712166595.37751,yolov5n,6.jpg,0.216398954391479,482.440710067749,0.698837995529175,france,half
1712166596.47664,yolov5n,6.jpg,0.316051721572876,782.163143157959,1.09821248054504,france,half
1712166597.18103,yolov5n,6.jpg,0.303323984146118,400.260210037231,0.703582763671875,france,half
1712166598.15436,yolov5n,6.jpg,0.199109315872192,773.355007171631,0.97246241569519,france,half
1712166599.2043,yolov5n,6.jpg,0.310208082199097,738.098382949829,1.04830384254456,france,half
1712166599.74541,yolov5n,6.jpg,0.185317754745483,353.989601135254,0.539305686950684,france,half
1712166600.83987,yolov5n,6.jpg,0.264843225479126,828.54962348938,1.09339141845703,france,half
1712166601.63808,yolov5n,6.jpg,0.274636030197144,522.063255310059,0.796696901321411,france,half
1712166602.84016,yolov5n,6.jpg,0.27843976020813,922.496795654297,1.20093488693237,france,half
1712166603.45799,yolov5n,6.jpg,0.200620412826538,415.752410888672,0.61637020111084,france,half
1712166604.54327,yolov5n,6.jpg,0.361453294754028,722.731828689575,1.08418345451355,france,half
1712166605.32111,yolov5n,6.jpg,0.255505800247192,521.495342254639,0.776998043060303,france,half
1712166606.39621,yolov5n,6.jpg,0.318063974380493,755.340814590454,1.07340312004089,france,half
1712166606.97006,yolov5n,6.jpg,0.294359445571899,278.688430786133,0.573039054870606,france,half
1712166607.5578,yolov5n,6.jpg,0.195483922958374,390.150547027588,0.585631847381592,france,half
1712166608.76688,yolov5n,6.jpg,0.484683752059937,723.511695861816,1.20819091796875,france,half
1712166609.93463,yolov5n,6.jpg,0.247926235198975,917.961597442627,1.1658833026886,france,half
1712166610.70925,yolov5n,6.jpg,0.358492851257324,412.923097610474,0.771414518356323,france,half
1712166611.44853,yolov5n,6.jpg,0.278146982192993,460.281133651733,0.738426685333252,france,half
1712166612.8029,yolov5n,6.jpg,0.546929121017456,805.04846572876,1.35197353363037,france,half
1712166613.43119,yolov5n,6.jpg,0.260765790939331,365.983247756958,0.626747608184814,france,half
1712166614.76807,yolov5n,6.jpg,0.574207544326782,761.814117431641,1.33601808547974,france,half
1712166615.37997,yolov5n,6.jpg,0.221633672714233,388.401985168457,0.610034227371216,france,half
1712166616.22711,yolov5n,6.jpg,0.229998826980591,616.271495819092,0.84626841545105,france,half
1712166616.94153,yolov5n,6.jpg,0.35678219795227,356.718301773071,0.713499546051025,france,half
1712166617.91128,yolov5n,6.jpg,0.24118709564209,727.693319320679,0.968878269195557,france,half
1712166618.59397,yolov5n,6.jpg,0.319411277770996,362.339735031128,0.681748628616333,france,half
1712166619.62362,yolov5n,6.jpg,0.26047682762146,768.015623092651,1.02849125862122,france,half
1712166620.63174,yolov5n,6.jpg,0.170310020446777,836.969375610352,1.00727772712708,france,half
1712166621.3874,yolov5n,6.jpg,0.404216766357422,349.120855331421,0.75333571434021,france,half
1712166622.41186,yolov5n,6.jpg,0.21965765953064,803.146362304688,1.02280211448669,france,half
1712166624.04231,yolov5n,6.jpg,1.19012761116028,439.389228820801,1.6295120716095,france,half
1712166625.57975,yolov5n,6.jpg,0.803812503814697,731.829881668091,1.53564047813416,france,half
1712166626.16648,yolov5n,6.jpg,0.199780464172363,386.156558990479,0.585934638977051,france,half
1712166627.2292,yolov5n,6.jpg,0.336636066436768,722.952365875244,1.05958676338196,france,half
1712166627.96631,yolov5n,6.jpg,0.295188665390015,440.996885299683,0.736182689666748,france,half
1712166628.87505,yolov5n,6.jpg,0.212850570678711,693.536520004272,0.90638542175293,france,half
1712166629.54368,yolov5n,6.jpg,0.273335933685303,394.361734390259,0.667695283889771,france,half
1712166630.38632,yolov5n,6.jpg,0.422715425491333,418.905019760132,0.841617345809937,france,half
1712166631.39871,yolov5n,6.jpg,0.298492193222046,712.418794631958,1.01090621948242,france,half
1712166632.3909,yolov5n,6.jpg,0.312689304351807,675.682783126831,0.988369941711426,france,half
1712166633.0619,yolov5n,6.jpg,0.205753087997437,464.311361312866,0.670063018798828,france,half
1712166633.62941,yolov5n,6.jpg,0.171062231063843,395.726442337036,0.566787481307983,france,half
1712166634.60973,yolov5n,6.jpg,0.330591917037964,648.919343948364,0.979509592056274,france,half
1712166635.2418,yolov5n,6.jpg,0.265712261199951,365.626573562622,0.631337642669678,france,half
1712166636.23075,yolov5n,6.jpg,0.249995231628418,738.095045089722,0.988088130950928,france,half
1712166636.84024,yolov5n,6.jpg,0.27812671661377,330.399751663208,0.608519315719605,france,half
1712166637.75413,yolov5n,6.jpg,0.186647176742554,724.871158599854,0.911511659622192,france,half
1712166638.37671,yolov5n,6.jpg,0.214904546737671,405.585050582886,0.620487451553345,france,half
1712166639.35265,yolov5n,6.jpg,0.199750661849976,775.101900100708,0.974844932556152,france,half
1712166640.09431,yolov5n,6.jpg,0.314183950424194,426.030874252319,0.740213394165039,france,half
1712166641.18828,yolov5n,6.jpg,0.4179847240448,675.172328948975,1.09315252304077,france,half
1712166642.10859,yolov5n,6.jpg,0.226082324981689,692.853689193726,0.918934345245361,france,half
1712166642.65349,yolov5n,6.jpg,0.273812532424927,270.267963409424,0.544078350067139,france,half
1712166643.53632,yolov5n,6.jpg,0.248006820678711,633.08048248291,0.881085634231567,france,half
1712166644.15785,yolov5n,6.jpg,0.288220882415771,331.763744354248,0.619982957839966,france,half
1712166645.09309,yolov5n,6.jpg,0.289707899093628,644.684076309204,0.934390544891357,france,half
1712166645.65134,yolov5n,6.jpg,0.267837762832642,289.336919784546,0.557168483734131,france,half
1712166646.61948,yolov5n,6.jpg,0.324777126312256,642.053127288818,0.966828107833862,france,half
1712166647.15536,yolov5n,6.jpg,0.192369937896729,341.94016456604,0.534307956695557,france,half
1712166648.08605,yolov5n,6.jpg,0.285029172897339,643.344879150391,0.928367137908936,france,half
1712166648.70564,yolov5n,6.jpg,0.328229904174805,287.78076171875,0.616008996963501,france,half
1712166649.22993,yolov5n,6.jpg,0.254403114318848,268.134117126465,0.522535800933838,france,half
1712166650.06659,yolov5n,6.jpg,0.209890842437744,625.929117202759,0.835816860198975,france,half
1712166651.08829,yolov5n,6.jpg,0.387060165405273,632.986545562744,1.02003765106201,france,half
1712166651.75272,yolov5n,6.jpg,0.289457321166992,373.109817504883,0.662562608718872,france,half
1712166652.36978,yolov5n,6.jpg,0.296942234039307,318.318367004395,0.615258455276489,france,half
1712166653.21384,yolov5n,6.jpg,0.219524145126343,622.912883758545,0.842434406280518,france,half
1712166653.73959,yolov5n,6.jpg,0.264357566833496,259.900569915771,0.524256706237793,france,half
1712166654.62614,yolov5n,6.jpg,0.240528106689453,644.989013671875,0.885515689849854,france,half
1712166655.13096,yolov5n,6.jpg,0.251185655593872,252.842426300049,0.504026174545288,france,half
1712166655.99768,yolov5n,6.jpg,0.229897737503052,635.471820831299,0.86536717414856,france,half
1712166656.54673,yolov5n,6.jpg,0.27059268951416,276.37791633606,0.54696798324585,france,half
1712166657.40914,yolov5n,6.jpg,0.21903395652771,642.411470413208,0.861443996429443,france,half
1712166658.0431,yolov5n,6.jpg,0.18313479423523,450.121641159058,0.633255243301392,france,half
1712166658.93975,yolov5n,6.jpg,0.240813255310059,655.065298080444,0.895876884460449,france,half
1712166659.84203,yolov5n,6.jpg,0.25540566444397,645.857810974121,0.901262044906616,france,half
1712166660.45147,yolov5n,6.jpg,0.2750244140625,333.621263504028,0.608643770217896,france,half
1712166661.32712,yolov5n,6.jpg,0.227802276611328,646.52943611145,0.874330043792725,france,half
1712166662.02671,yolov5n,6.jpg,0.313770294189453,384.987354278564,0.698756217956543,france,half
1712166662.83344,yolov5n,6.jpg,0.172433853149414,633.564472198486,0.805992603302002,france,half
1712166663.38271,yolov5n,6.jpg,0.221120834350586,326.770305633545,0.547885179519653,france,half
1712166664.23565,yolov5n,6.jpg,0.179059267044067,672.021389007568,0.851073980331421,france,half
1712166664.79887,yolov5n,6.jpg,0.228489875793457,333.337306976318,0.561820983886719,france,half
1712166665.65749,yolov5n,6.jpg,0.260597944259644,595.761060714722,0.85635781288147,france,half
1712166666.249,yolov5n,6.jpg,0.274319648742676,316.391468048096,0.590707063674927,france,half
1712166666.96045,yolov5n,6.jpg,0.293169736862183,415.627241134644,0.708795547485352,france,half
1712166667.85285,yolov5n,6.jpg,0.256738424301147,634.492874145508,0.891229867935181,france,half
1712166668.69826,yolov5n,6.jpg,0.206373453140259,637.668609619141,0.844036817550659,france,half
1712166669.27417,yolov5n,6.jpg,0.21418833732605,358.49118232727,0.572677373886108,france,half
1712166670.06234,yolov5n,6.jpg,0.483326196670532,303.711652755737,0.787035703659058,france,half
1712166671.14088,yolov5n,6.jpg,0.355028629302979,722.227096557617,1.07725429534912,france,half
1712166671.76439,yolov5n,6.jpg,0.205671310424805,416.9602394104,0.62262749671936,france,half
1712166672.62806,yolov5n,6.jpg,0.236112833023071,625.320196151733,0.861430644989014,france,half
1712166673.26695,yolov5n,6.jpg,0.287722826004028,349.434852600098,0.637154817581177,france,half
1712166674.16268,yolov5n,6.jpg,0.206892251968384,687.257289886475,0.894147872924805,france,half
1712166674.71791,yolov5n,6.jpg,0.236854076385498,317.492008209229,0.554344654083252,france,half
1712166675.5811,yolov5n,6.jpg,0.288821697235107,573.218584060669,0.862035274505615,france,half
1712166676.15666,yolov5n,6.jpg,0.282612085342407,290.771245956421,0.573381185531616,france,half
1712166677.02814,yolov5n,6.jpg,0.225050449371338,645.638227462769,0.870687246322632,france,half
1712166677.85266,yolov5n,6.jpg,0.193499565124512,630.277633666992,0.823775291442871,france,half
1712166678.51783,yolov5n,6.jpg,0.339152574539185,324.959754943848,0.664109945297241,france,half
1712166679.34651,yolov5n,6.jpg,0.250251770019531,577.103614807129,0.827353239059448,france,half
1712166679.97474,yolov5n,6.jpg,0.299607515335083,327.540636062622,0.627146005630493,france,half
1712166680.8594,yolov5n,6.jpg,0.262359619140625,621.533632278442,0.883891820907593,france,half
1712166681.50513,yolov5n,6.jpg,0.32835865020752,316.659450531006,0.645015478134155,france,half
1712166682.33749,yolov5n,6.jpg,0.245332717895508,585.761547088623,0.831091165542603,france,half
1712166682.93098,yolov5n,6.jpg,0.257869005203247,334.640741348267,0.592506647109985,france,half
1712166684.01363,yolov5n,6.jpg,0.237744569778442,843.112230300903,1.0808539390564,france,half
1712166684.55111,yolov5n,6.jpg,0.276452541351318,258.935213088989,0.535386085510254,france,half
1712166685.18223,yolov5n,6.jpg,0.308671712875366,321.279764175415,0.629942417144775,france,half
1712166686.05776,yolov5n,6.jpg,0.256383419036865,617.134571075439,0.873516321182251,france,half
1712166687.04079,yolov5n,6.jpg,0.255974054336548,726.123094558716,0.982094526290894,france,half
1712166687.64584,yolov5n,6.jpg,0.266047477722168,337.934732437134,0.603980541229248,france,half
1712166688.22442,yolov5n,6.jpg,0.253037452697754,324.113368988037,0.577148914337158,france,half
1712166692.65273,yolov5n,6.jpg,3.79713368415833,630.077838897705,4.42720937728882,france,half
1712166693.25992,yolov5n,6.jpg,0.288978099822998,316.5283203125,0.605504989624023,france,half
1712166694.12289,yolov5n,6.jpg,0.227725505828857,634.421825408936,0.862145662307739,france,half
1712166694.67207,yolov5n,6.jpg,0.295661211013794,252.607583999634,0.548265933990479,france,half
1712166695.57004,yolov5n,6.jpg,0.20549488067627,690.641641616821,0.896134853363037,france,half
1712166696.14177,yolov5n,6.jpg,0.270226955413818,300.650835037231,0.570875883102417,france,half
1712166697.02842,yolov5n,6.jpg,0.235349416732788,650.162696838379,0.885509729385376,france,half
1712166697.55539,yolov5n,6.jpg,0.273008108139038,252.485513687134,0.52549147605896,france,half
1712166698.42783,yolov5n,6.jpg,0.242465734481812,628.72576713562,0.871190071105957,france,half
1712166699.25575,yolov5n,6.jpg,0.254081249237061,572.786331176758,0.826865911483765,france,half
1712166699.82742,yolov5n,6.jpg,0.25210976600647,318.295240402222,0.5704026222229,france,half
1712166700.77847,yolov5n,6.jpg,0.297777652740479,652.130603790283,0.949906349182129,france,half
1712166701.36354,yolov5n,6.jpg,0.28954005241394,294.716596603394,0.584253072738647,france,half
1712166702.24966,yolov5n,6.jpg,0.187477350234985,696.341037750244,0.883815765380859,france,half
1712166702.83863,yolov5n,6.jpg,0.264893770217895,322.119474411011,0.587011814117432,france,half
1712166703.70419,yolov5n,6.jpg,0.216891765594482,647.620439529419,0.864510774612427,france,half
1712166704.25663,yolov5n,6.jpg,0.284069299697876,267.213106155395,0.551266431808472,france,half
1712166705.19037,yolov5n,6.jpg,0.293713808059692,638.721942901611,0.93243408203125,france,half
1712166705.79319,yolov5n,6.jpg,0.318500518798828,283.497333526611,0.60199499130249,france,half
1712166706.36661,yolov5n,6.jpg,0.292959928512573,279.060125350952,0.572014093399048,france,half
1712166707.23132,yolov5n,6.jpg,0.237640619277954,625.916481018066,0.863552331924439,france,half
1712166708.09384,yolov5n,6.jpg,0.220651388168335,637.574911117554,0.858224868774414,france,half
1712166708.64015,yolov5n,6.jpg,0.267150402069092,277.957201004028,0.545105934143066,france,half
1712166709.26369,yolov5n,6.jpg,0.291856288909912,330.825567245483,0.622677803039551,france,half
1712166710.13246,yolov5n,6.jpg,0.239706993103027,627.474308013916,0.867177248001099,france,half
1712166710.66364,yolov5n,6.jpg,0.202356815338135,326.889514923096,0.529242753982544,france,half
1712166711.57515,yolov5n,6.jpg,0.280901670455933,628.969192504883,0.909869432449341,france,half
1712166712.16602,yolov5n,6.jpg,0.28539776802063,304.773569107056,0.590169668197632,france,half
1712166713.04366,yolov5n,6.jpg,0.251167058944702,624.936580657959,0.876102447509766,france,half
1712166713.63322,yolov5n,6.jpg,0.259672880172729,329.077005386353,0.588744640350342,france,half
1712166714.58013,yolov5n,6.jpg,0.314692735671997,630.447626113892,0.945135593414307,france,half
1712166715.12343,yolov5n,6.jpg,0.246705293655395,294.619560241699,0.541322708129883,france,half
1712166715.99615,yolov5n,6.jpg,0.234054088592529,637.707710266113,0.871759176254272,france,half
1712166716.8673,yolov5n,6.jpg,0.265648603439331,603.231430053711,0.868878364562988,france,half
1712166717.5245,yolov5n,6.jpg,0.345762491226196,309.683084487915,0.655444145202637,france,half
1712166718.35412,yolov5n,6.jpg,0.253970146179199,574.648380279541,0.828616857528687,france,half
1712166718.89501,yolov5n,6.jpg,0.221582651138306,318.437337875366,0.540017604827881,france,half
1712166719.76883,yolov5n,6.jpg,0.268289089202881,604.398250579834,0.872685432434082,france,half
1712166720.35866,yolov5n,6.jpg,0.282364130020142,306.387186050415,0.588749408721924,france,half
1712166721.22591,yolov5n,6.jpg,0.225582122802734,640.502452850342,0.866083145141602,france,half
1712166721.83088,yolov5n,6.jpg,0.260502338409424,343.753576278687,0.604253053665161,france,half
1712166722.72615,yolov5n,6.jpg,0.231297254562378,662.549257278442,0.893844842910767,france,half
1712166723.24374,yolov5n,6.jpg,0.266857385635376,249.797344207764,0.516652822494507,france,half
1712166723.87772,yolov5n,6.jpg,0.223961591720581,408.692359924316,0.632651805877686,france,half
1712166725.15399,yolov5n,6.jpg,0.654953479766846,619.271755218506,1.27422189712524,france,half
1712166726.11375,yolov5n,6.jpg,0.245723724365234,712.959289550781,0.958678483963013,france,half
1712166726.65649,yolov5n,6.jpg,0.276048898696899,264.138221740723,0.540181875228882,france,half
1712166727.22741,yolov5n,6.jpg,0.251345634460449,318.132877349854,0.569477081298828,france,half
1712166728.16424,yolov5n,6.jpg,0.281942844390869,653.677701950073,0.935616970062256,france,half
1712166728.79821,yolov5n,6.jpg,0.237475633621216,394.734621047974,0.632206201553345,france,half
1712166729.65739,yolov5n,6.jpg,0.258920669555664,597.763299942017,0.856682062149048,france,half
1712166730.2478,yolov5n,6.jpg,0.270222425460815,319.003820419312,0.58922266960144,france,half
1712166731.12802,yolov5n,6.jpg,0.165509700775146,712.741136550903,0.878248691558838,france,half
1712166731.63828,yolov5n,6.jpg,0.180251121520996,328.585386276245,0.508834600448608,france,half
1712166732.73414,yolov5n,6.jpg,0.45015287399292,644.877433776856,1.09502840042114,france,half
1712166733.22723,yolov5n,6.jpg,0.163417100906372,328.619480133057,0.492034912109375,france,half
1712166734.13092,yolov5n,6.jpg,0.257440567016602,645.058870315552,0.902496099472046,france,half
1712166734.96841,yolov5n,6.jpg,0.196399688720703,638.847589492798,0.835243701934814,france,half
1712166735.52589,yolov5n,6.jpg,0.162504434585571,393.977880477905,0.556480884552002,france,half
1712166736.46691,yolov5n,6.jpg,0.277069568634033,663.214683532715,0.940282583236694,france,half
1712166737.10512,yolov5n,6.jpg,0.328723430633545,308.184623718262,0.636905193328857,france,half
1712166737.96277,yolov5n,6.jpg,0.201442003250122,655.177593231201,0.856615543365479,france,half
1712166738.5679,yolov5n,6.jpg,0.286948919296265,316.389322280884,0.603332757949829,france,half
1712166739.45812,yolov5n,6.jpg,0.201963424682617,686.669588088989,0.888631582260132,france,half
1712166740.06257,yolov5n,6.jpg,0.285728216171265,317.866802215576,0.603593587875366,france,half
1712166741.02476,yolov5n,6.jpg,0.250180006027222,709.017753601074,0.959196090698242,france,half
1712166741.65248,yolov5n,6.jpg,0.275443315505981,351.274728775024,0.626715183258057,france,half
1712166742.27451,yolov5n,6.jpg,0.298273086547852,322.755098342895,0.621026992797852,france,half
1712166743.13859,yolov5n,6.jpg,0.243378162384033,619.849681854248,0.863225698471069,france,half
1712166744.04643,yolov5n,6.jpg,0.254136085510254,652.382850646973,0.906513452529907,france,half
1712166744.63592,yolov5n,6.jpg,0.257970333099365,329.025745391846,0.586992740631104,france,half
1712166745.16363,yolov5n,6.jpg,0.198148727416992,328.157424926758,0.526297569274902,france,half
1712166746.06129,yolov5n,6.jpg,0.259529829025269,635.90407371521,0.895432472229004,france,half
1712166746.64896,yolov5n,6.jpg,0.265501737594604,321.277856826782,0.586777210235596,france,half
1712166747.54711,yolov5n,6.jpg,0.249456882476807,646.880149841309,0.896332263946533,france,half
1712166748.18875,yolov5n,6.jpg,0.313814401626587,325.927972793579,0.639739990234375,france,half
1712166749.03014,yolov5n,6.jpg,0.237874507904053,602.569580078125,0.840442419052124,france,half
1712166749.62629,yolov5n,6.jpg,0.262511491775513,332.150459289551,0.594660043716431,france,half
1712166750.47355,yolov5n,6.jpg,0.21135139465332,634.520769119263,0.845870018005371,france,half
1712166751.13241,yolov5n,6.jpg,0.353418111801147,304.631471633911,0.658046245574951,france,half
1712166752.05229,yolov5n,6.jpg,0.276315450668335,642.261266708374,0.918575048446655,france,half
1712166752.9626,yolov5n,6.jpg,0.205151796340942,704.183340072632,0.909327745437622,france,half
1712166753.5556,yolov5n,6.jpg,0.281521797180176,308.388710021973,0.589908361434937,france,half
1712166754.64197,yolov5n,6.jpg,0.357380867004395,728.118419647217,1.08549690246582,france,half
1712166755.23384,yolov5n,6.jpg,0.26356029510498,327.421903610229,0.590976715087891,france,half
1712166756.12932,yolov5n,6.jpg,0.246395587921143,647.428274154663,0.893819332122803,france,half
1712166756.70172,yolov5n,6.jpg,0.240452289581299,330.679893493652,0.571128606796265,france,half
1712166757.57065,yolov5n,6.jpg,0.266860961914062,600.488185882568,0.867347717285156,france,half
1712166758.14643,yolov5n,6.jpg,0.270181179046631,304.399967193604,0.574574947357178,france,half
1712166759.02297,yolov5n,6.jpg,0.22791600227356,646.559953689575,0.87447452545166,france,half
1712166759.54348,yolov5n,6.jpg,0.264508485794067,255.256175994873,0.519762992858887,france,half
1712166760.15557,yolov5n,6.jpg,0.279946565628052,330.84511756897,0.610790014266968,france,half
1712166761.11147,yolov5n,6.jpg,0.314316749572754,640.398979187012,0.954713821411133,france,half
1712166762.24243,yolov5n,6.jpg,0.336657524108887,792.790651321411,1.12944626808167,france,half
1712166763.08277,yolov5n,6.jpg,0.297448873519897,541.661262512207,0.839108467102051,france,half
1712166763.86016,yolov5n,6.jpg,0.205550909042358,570.653200149536,0.776201963424683,france,half
1712166764.78889,yolov5n,6.jpg,0.223149299621582,704.288482666016,0.927436351776123,france,half
1712166765.43138,yolov5n,6.jpg,0.257622241973877,383.987665176392,0.641607522964478,france,half
1712166766.72506,yolov5n,6.jpg,0.219374656677246,1072.0546245575,1.29142713546753,france,half
1712166767.81467,yolov5n,6.jpg,0.24726390838623,841.076135635376,1.08833813667297,france,half
1712166769.16188,yolov5n,6.jpg,0.302084445953369,1043.4410572052,1.34552097320557,france,half
1712166770.08345,yolov5n,6.jpg,0.308697938919067,610.515594482422,0.919211626052856,france,half
1712166771.22906,yolov5n,6.jpg,0.33722972869873,807.42359161377,1.14464521408081,france,half
1712166771.93928,yolov5n,6.jpg,0.252432823181152,455.991506576538,0.708422183990479,france,half
1712166772.96361,yolov5n,6.jpg,0.206480264663696,816.587448120117,1.02306342124939,france,half
1712166774.04125,yolov5n,6.jpg,0.256333827972412,818.621397018433,1.07495141029358,france,half
1712166774.62044,yolov5n,6.jpg,0.248050928115845,329.666137695312,0.577714920043945,france,half
1712166775.60548,yolov5n,6.jpg,0.410022020339966,573.979139328003,0.983999252319336,france,half
1712166776.1392,yolov5n,6.jpg,0.266282558441162,266.567468643188,0.532848119735718,france,half
1712166777.02455,yolov5n,6.jpg,0.246150016784668,638.280630111694,0.884428977966309,france,half
1712166777.71033,yolov5n,6.jpg,0.434362411499023,250.477313995361,0.684838533401489,france,half
1712166778.553,yolov5n,6.jpg,0.259225845336914,582.359075546265,0.841583251953125,france,half
1712166779.15232,yolov5n,6.jpg,0.284713983535767,313.254833221436,0.597967624664307,france,half
1712166780.05121,yolov5n,6.jpg,0.253503561019897,644.484281539917,0.897986650466919,france,half
1712166780.66574,yolov5n,6.jpg,0.286126136779785,327.492237091064,0.613616704940796,france,half
1712166781.23279,yolov5n,6.jpg,0.254589796066284,310.985565185547,0.565571069717407,france,half
1712166782.13527,yolov5n,6.jpg,0.2472243309021,653.749227523804,0.900972127914429,france,half
1712166783.06548,yolov5n,6.jpg,0.270033836364746,659.21425819397,0.929246187210083,france,half
1712166783.97707,yolov5n,6.jpg,0.523006677627564,387.259960174561,0.91026496887207,france,half
1712166784.54472,yolov5n,6.jpg,0.19060754776001,376.109600067139,0.566712141036987,france,half
1712166785.43913,yolov5n,6.jpg,0.239580631256104,652.060747146606,0.891639709472656,france,half
1712166786.05738,yolov5n,6.jpg,0.288841485977173,328.493356704712,0.617333173751831,france,half
1712166786.92325,yolov5n,6.jpg,0.224677562713623,640.096187591553,0.864772081375122,france,half
1712166787.53753,yolov5n,6.jpg,0.361688375473022,251.207828521729,0.612892866134644,france,half
1712166788.39034,yolov5n,6.jpg,0.224406242370605,626.968383789063,0.851370096206665,france,half
1712166788.99445,yolov5n,6.jpg,0.313071489334106,289.363861083984,0.602431774139404,france,half
1712166789.85899,yolov5n,6.jpg,0.261244773864746,600.266695022583,0.861502408981323,france,half
1712166790.44594,yolov5n,6.jpg,0.271471738815308,313.833951950073,0.585300922393799,france,half
1712166791.35983,yolov5n,6.jpg,0.268118381500244,643.022775650024,0.911139488220215,france,half
1712166792.33406,yolov5n,6.jpg,0.255877256393433,717.394351959229,0.973269939422607,france,half
1712166792.85508,yolov5n,6.jpg,0.193782806396484,325.881004333496,0.519662141799927,france,half
1712166793.77509,yolov5n,6.jpg,0.22070050239563,698.505163192749,0.91920280456543,france,half
1712166794.37877,yolov5n,6.jpg,0.304672479629517,297.914028167725,0.602584600448608,france,half
1712166795.25919,yolov5n,6.jpg,0.198499917984009,680.442333221436,0.878939390182495,france,half
1712166796.11719,yolov5n,6.jpg,0.54020881652832,316.944599151611,0.85715126991272,france,half
1712166797.00599,yolov5n,6.jpg,0.231973886489868,655.604362487793,0.887575626373291,france,half
1712166797.59654,yolov5n,6.jpg,0.316677808761597,272.472620010376,0.589139938354492,france,half
1712166798.44583,yolov5n,6.jpg,0.252010345458984,595.497846603394,0.84749698638916,france,half
1712166799.09614,yolov5n,6.jpg,0.322339296340942,326.568365097046,0.648899793624878,france,half
1712166799.63231,yolov5n,6.jpg,0.254004001617432,280.515670776367,0.534518241882324,france,half
1712166800.51615,yolov5n,6.jpg,0.257764101028442,625.11682510376,0.882879257202148,france,half
1712166801.37668,yolov5n,6.jpg,0.283570051193237,576.03907585144,0.859590530395508,france,half
1712166801.93302,yolov5n,6.jpg,0.257038116455078,296.817541122437,0.553853273391724,france,half
1712166802.46261,yolov5n,6.jpg,0.194947719573975,332.251310348511,0.52719521522522,france,half
1712166803.57193,yolov5n,6.jpg,0.483531951904297,624.24898147583,1.10777950286865,france,half
1712166804.27546,yolov5n,6.jpg,0.296159744262695,406.56852722168,0.702726602554321,france,half
1712166805.16133,yolov5n,6.jpg,0.201640844345093,683.354139328003,0.88499116897583,france,half
1712166805.85356,yolov5n,6.jpg,0.37362265586853,317.080974578857,0.690702199935913,france,half
1712166806.82625,yolov5n,6.jpg,0.223467588424683,748.380661010742,0.97184681892395,france,half
1712166807.35859,yolov5n,6.jpg,0.277101516723633,254.304885864258,0.531404495239258,france,half
1712166808.24036,yolov5n,6.jpg,0.256623029708862,624.176025390625,0.880797147750855,france,half
1712166809.09873,yolov5n,6.jpg,0.524605989456177,332.265615463257,0.856868505477905,france,half
1712166809.99323,yolov5n,6.jpg,0.302033185958862,590.553998947144,0.892583847045898,france,half
1712166810.99388,yolov5n,6.jpg,0.333254814147949,665.349721908569,0.998596429824829,france,half
1712166811.56858,yolov5n,6.jpg,0.29557991027832,273.536205291748,0.569113492965698,france,half
1712166812.459,yolov5n,6.jpg,0.26567530632019,623.839139938355,0.889511823654175,france,half
1712166813.0623,yolov5n,6.jpg,0.289083003997803,312.921762466431,0.60200047492981,france,half
1712166813.94773,yolov5n,6.jpg,0.251616477966309,632.025480270386,0.883635520935059,france,half
1712166814.55003,yolov5n,6.jpg,0.276578903198242,324.221134185791,0.600794792175293,france,half
1712166815.43116,yolov5n,6.jpg,0.244604587554932,634.932041168213,0.879533529281616,france,half
1712166816.06833,yolov5n,6.jpg,0.212233781814575,422.497272491455,0.634729623794556,france,half
1712166817.06753,yolov5n,6.jpg,0.267706155776978,730.634927749634,0.998338222503662,france,half
1712166817.70171,yolov5n,6.jpg,0.3266761302948,306.105375289917,0.632772207260132,france,half
1712166818.26332,yolov5n,6.jpg,0.291371822357178,268.72730255127,0.560088872909546,france,half
1712166820.15317,yolov5n,6.jpg,1.29101991653442,597.131013870239,1.88814806938171,france,half
1712166821.04304,yolov5n,6.jpg,0.184141397476196,704.443216323853,0.888582468032837,france,half
1712166821.63982,yolov5n,6.jpg,0.266268253326416,329.43320274353,0.595699310302734,france,half
1712166822.21481,yolov5n,6.jpg,0.246644020080566,326.782941818237,0.573413848876953,france,half
1712166823.1435,yolov5n,6.jpg,0.266174793243408,660.367488861084,0.926539659500122,france,half
1712166823.74102,yolov5n,6.jpg,0.267213582992554,326.627492904663,0.593838930130005,france,half
1712166824.55353,yolov5n,6.jpg,0.181160449981689,630.335330963135,0.811493158340454,france,half
1712166825.15868,yolov5n,6.jpg,0.283138990402222,320.810079574585,0.603941917419434,france,half
1712166826.07576,yolov5n,6.jpg,0.212652921676636,702.927112579346,0.915578126907349,france,half
1712166826.65477,yolov5n,6.jpg,0.281891584396362,295.926332473755,0.577813863754272,france,half
1712166827.64883,yolov5n,6.jpg,0.359288692474365,633.13364982605,0.992419242858887,france,half
1712166828.31077,yolov5n,6.jpg,0.339120864868164,321.191549301147,0.6603102684021,france,half
1712166829.13395,yolov5n,6.jpg,0.244665384292603,576.661109924316,0.821324825286865,france,half
1712166829.96207,yolov5n,6.jpg,0.194329023361206,632.900476455689,0.827225923538208,france,half
1712166830.54454,yolov5n,6.jpg,0.268985033035278,311.782598495483,0.580763816833496,france,half
1712166831.454,yolov5n,6.jpg,0.257004737854004,650.351762771606,0.907354354858398,france,half
1712166832.33732,yolov5n,6.jpg,0.563960075378418,318.215370178223,0.882174015045166,france,half
1712166833.13649,yolov5n,6.jpg,0.161654233932495,636.390686035156,0.798042774200439,france,half
1712166833.77464,yolov5n,6.jpg,0.293315410614014,343.796253204346,0.637109994888306,france,half
1712166834.63513,yolov5n,6.jpg,0.237140893936157,622.44439125061,0.859583616256714,france,half
1712166838.2441,yolov5n,6.jpg,3.32025957107544,287.733316421509,3.60799074172974,france,half
1712166839.13973,yolov5n,6.jpg,0.2479088306427,645.633697509766,0.893539667129517,france,half
1712166839.71254,yolov5n,6.jpg,0.247362613677979,323.657035827637,0.571017026901245,france,half
1712166840.22654,yolov5n,6.jpg,0.251201629638672,261.245965957642,0.512445688247681,france,half
1712166841.11738,yolov5n,6.jpg,0.2552490234375,634.221076965332,0.889468193054199,france,half
1712166841.92162,yolov5n,6.jpg,0.16437840461731,638.99564743042,0.80337119102478,france,half
1712166842.46503,yolov5n,6.jpg,0.292311191558838,249.914169311523,0.542222261428833,france,half
1712166843.03722,yolov5n,6.jpg,0.26043701171875,310.482025146484,0.570917367935181,france,half
1712166843.95227,yolov5n,6.jpg,0.260903596878052,653.154850006104,0.914055109024048,france,half
1712166844.53395,yolov5n,6.jpg,0.257845163345337,322.835206985474,0.580678939819336,france,half
1712166845.35241,yolov5n,6.jpg,0.197248697280884,620.298624038696,0.817545413970947,france,half
1712166845.94213,yolov5n,6.jpg,0.263346910476685,325.44732093811,0.58879017829895,france,half
1712166846.84209,yolov5n,6.jpg,0.260821580886841,637.758731842041,0.898579120635986,france,half
1712166847.41301,yolov5n,6.jpg,0.247717618942261,322.380065917969,0.570091009140015,france,half
1712166848.18911,yolov5n,6.jpg,0.202712774276733,572.287797927856,0.774999141693115,france,half
1712166848.72382,yolov5n,6.jpg,0.165692090988159,368.099927902222,0.533789873123169,france,half
1712166849.65423,yolov5n,6.jpg,0.363867998123169,565.276622772217,0.929142951965332,france,half
1712166850.57097,yolov5n,6.jpg,0.274232387542725,641.562461853027,0.915793657302856,france,half
1712166851.12017,yolov5n,6.jpg,0.245562791824341,302.376508712769,0.547936916351318,france,half
1712166852.11209,yolov5n,6.jpg,0.329666137695312,660.569429397583,0.990233421325684,france,half
1712166852.62315,yolov5n,6.jpg,0.246411323547363,262.609958648682,0.509019374847412,france,half
1712166853.55632,yolov5n,6.jpg,0.256185531616211,676.079034805298,0.932262897491455,france,half
1712166854.25537,yolov5n,6.jpg,0.287691354751587,410.445928573608,0.698135614395142,france,half
1712166855.14725,yolov5n,6.jpg,0.251639604568481,639.187097549439,0.890824317932129,france,half
1712166855.78171,yolov5n,6.jpg,0.218589782714844,414.561033248901,0.633149147033691,france,half
1712166856.64291,yolov5n,6.jpg,0.246363639831543,613.745212554932,0.860106945037842,france,half
1712166857.25138,yolov5n,6.jpg,0.268688917160034,337.572813034058,0.606260538101196,france,half
1712166857.80351,yolov5n,6.jpg,0.230550527572632,320.681571960449,0.551229476928711,france,half
1712166858.60418,yolov5n,6.jpg,0.222152948379517,577.005386352539,0.799156188964844,france,half
1712166859.46894,yolov5n,6.jpg,0.279439449310303,584.132194519043,0.863569974899292,france,half
1712166860.06587,yolov5n,6.jpg,0.293431997299194,302.55913734436,0.59598970413208,france,half
1712166860.62079,yolov5n,6.jpg,0.243663311004639,309.840679168701,0.553501844406128,france,half
1712166861.44877,yolov5n,6.jpg,0.24941611289978,577.45885848999,0.826872825622559,france,half
1712166862.03283,yolov5n,6.jpg,0.257398843765259,325.469017028809,0.582865715026856,france,half
1712166862.87195,yolov5n,6.jpg,0.207547903060913,630.359172821045,0.837905406951904,france,half
1712166863.4713,yolov5n,6.jpg,0.290398120880127,308.020114898682,0.598416328430176,france,half
1712166864.36319,yolov5n,6.jpg,0.200798749923706,690.170526504517,0.890966653823853,france,half
1712166865.01112,yolov5n,6.jpg,0.246446371078491,399.775981903076,0.646219491958618,france,half
1712166866.01536,yolov5n,6.jpg,0.320302248001099,681.390762329102,1.00169110298157,france,half
1712166866.68135,yolov5n,6.jpg,0.307159423828125,357.260942459106,0.664417743682861,france,half
1712166867.62129,yolov5n,6.jpg,0.22822380065918,710.544109344482,0.938766241073608,france,half
1712166868.53492,yolov5n,6.jpg,0.269904375076294,642.613887786865,0.912516355514526,france,half
1712166869.34617,yolov5n,6.jpg,0.465524435043335,344.411373138428,0.809927225112915,france,half
1712166870.40067,yolov5n,6.jpg,0.238556146621704,814.423084259033,1.05297708511353,france,half
1712166871.04014,yolov5n,6.jpg,0.266877889633179,371.677160263062,0.638553619384766,france,half
1712166872.07195,yolov5n,6.jpg,0.273233413696289,757.768154144287,1.03099966049194,france,half
1712166872.72382,yolov5n,6.jpg,0.253005027770996,397.973537445068,0.650976419448853,france,half
1712166873.55773,yolov5n,6.jpg,0.199333429336548,633.446931838989,0.832778930664063,france,half
1712166874.2437,yolov5n,6.jpg,0.266891956329346,418.276786804199,0.685165166854858,france,half
1712166875.29035,yolov5n,6.jpg,0.292986154556274,751.667499542236,1.04465198516846,france,half
1712166875.96821,yolov5n,6.jpg,0.205089807510376,471.817493438721,0.676905155181885,france,half
1712166876.65302,yolov5n,6.jpg,0.273654699325562,409.644842147827,0.683297395706177,france,half
1712166877.87973,yolov5n,6.jpg,0.500383377075195,725.242614746094,1.22562026977539,france,half
1712166878.97987,yolov5n,6.jpg,0.405523777008057,693.483114242554,1.09900403022766,france,half
1712166879.67301,yolov5n,6.jpg,0.350289583206177,341.486692428589,0.69177508354187,france,half
1712166880.23705,yolov5n,6.jpg,0.266659498214722,296.518802642822,0.563176155090332,france,half
1712166881.24139,yolov5n,6.jpg,0.269843816757202,733.57367515564,1.00341629981995,france,half
1712166881.93609,yolov5n,6.jpg,0.264310121536255,429.529666900635,0.693838119506836,france,half
1712166882.95788,yolov5n,6.jpg,0.281035423278809,739.413738250732,1.02044725418091,france,half
1712166883.9341,yolov5n,6.jpg,0.469899892807007,505.477666854858,0.975375890731812,france,half
1712166884.89155,yolov5n,6.jpg,0.292059898376465,664.50047492981,0.956549167633057,france,half
1712166885.61841,yolov5n,6.jpg,0.334303855895996,390.416145324707,0.724712133407593,france,half
1712166886.53054,yolov5n,6.jpg,0.23314094543457,677.861928939819,0.91100001335144,france,half
1712166887.13454,yolov5n,6.jpg,0.261687755584717,340.436220169067,0.602122306823731,france,half
1712166888.16023,yolov5n,6.jpg,0.262162923812866,762.587308883667,1.02474904060364,france,half
1712166889.22765,yolov5n,6.jpg,0.329495668411255,736.343383789063,1.06583333015442,france,half
1712166889.83788,yolov5n,6.jpg,0.266489028930664,341.367483139038,0.607854843139648,france,half
1712166890.83004,yolov5n,6.jpg,0.263938903808594,727.025270462036,0.990957498550415,france,half
1712166891.43914,yolov5n,6.jpg,0.267678499221802,340.147018432617,0.607823610305786,france,half
1712166892.52579,yolov5n,6.jpg,0.249441385269165,836.093902587891,1.08552932739258,france,half
1712166893.09972,yolov5n,6.jpg,0.231616735458374,340.296745300293,0.571911096572876,france,half
1712166894.26963,yolov5n,6.jpg,0.495312929153442,673.124074935913,1.16843509674072,france,half
1712166895.02768,yolov5n,6.jpg,0.261627197265625,495.362758636475,0.75698709487915,france,half
1712166896.49999,yolov5n,6.jpg,0.744547843933106,725.096702575684,1.46964240074158,france,half
1712166897.11912,yolov5n,6.jpg,0.338364124298096,279.593706130981,0.617955446243286,france,half
1712166897.7393,yolov5n,6.jpg,0.261207818984985,358.015298843384,0.619221448898315,france,half
1712166898.61441,yolov5n,6.jpg,0.227112293243408,646.982669830322,0.874092817306519,france,half
1712166899.48886,yolov5n,6.jpg,0.288692235946655,584.891796112061,0.87358283996582,france,half
1712166900.06567,yolov5n,6.jpg,0.200586318969727,375.326871871948,0.5759117603302,france,half
1712166900.82648,yolov5n,6.jpg,0.248444318771362,511.492729187012,0.759933471679688,france,half
1712166901.85456,yolov5n,6.jpg,0.250570058822632,775.90537071228,1.02647399902344,france,half
1712166902.4603,yolov5n,6.jpg,0.288437604904175,316.435575485229,0.604871034622192,france,half
1712166903.64614,yolov5n,6.jpg,0.472916841506958,711.66205406189,1.18457698822021,france,half
1712166904.37337,yolov5n,6.jpg,0.292599439620972,433.221101760864,0.725818634033203,france,half
1712166905.34508,yolov5n,6.jpg,0.253263711929321,717.462539672852,0.9707190990448,france,half
1712166906.06772,yolov5n,6.jpg,0.294327974319458,426.898956298828,0.721224784851074,france,half
1712166907.02191,yolov5n,6.jpg,0.240724802017212,712.055444717407,0.952778577804565,france,half
1712166908.04163,yolov5n,6.jpg,0.61030912399292,408.648014068604,1.01895523071289,france,half
1712166909.08419,yolov5n,6.jpg,0.283526420593262,756.231307983398,1.03975582122803,france,half
1712166910.0489,yolov5n,6.jpg,0.350304126739502,613.350629806519,0.963652849197388,france,half
1712166910.71725,yolov5n,6.jpg,0.252178430557251,415.291309356689,0.667468070983887,france,half
1712166911.97562,yolov5n,6.jpg,0.451734781265259,805.346965789795,1.25707936286926,france,half
1712166912.70188,yolov5n,6.jpg,0.329252004623413,395.591974258423,0.724842309951782,france,half
1712166913.71952,yolov5n,6.jpg,0.246119499206543,770.553350448608,1.01667141914368,france,half
1712166914.35177,yolov5n,6.jpg,0.188663721084595,442.721605300903,0.631383419036865,france,half
1712166915.41654,yolov5n,6.jpg,0.241704702377319,822.129964828491,1.06383156776428,france,half
1712166916.16502,yolov5n,6.jpg,0.29236626625061,454.700708389282,0.74706506729126,france,half
1712166917.44161,yolov5n,6.jpg,0.474152803421021,801.377773284912,1.27552843093872,france,half
1712166918.29602,yolov5n,6.jpg,0.327768325805664,524.405956268311,0.852172374725342,france,half
1712166919.16682,yolov5n,6.jpg,0.492069005966187,377.583980560303,0.86965012550354,france,half
1712166920.1801,yolov5n,6.jpg,0.295774936676025,716.167211532593,1.01193976402283,france,half
1712166921.14781,yolov5n,6.jpg,0.252947807312012,713.615894317627,0.966562032699585,france,half
1712166921.84518,yolov5n,6.jpg,0.270437479019165,426.020860671997,0.696456432342529,france,half
1712166922.56857,yolov5n,6.jpg,0.304308176040649,417.451143264771,0.721756935119629,france,half
1712166923.78478,yolov5n,6.jpg,0.407329320907593,807.814836502075,1.21514201164246,france,half
1712166924.5733,yolov5n,6.jpg,0.386241436004639,401.165723800659,0.787405490875244,france,half
1712166925.58428,yolov5n,6.jpg,0.287216901779175,722.971677780151,1.01018691062927,france,half
1712166926.21348,yolov5n,6.jpg,0.237413644790649,390.867233276367,0.628278017044067,france,half
1712166927.15105,yolov5n,6.jpg,0.249916791915894,686.455011367798,0.936369895935059,france,half
1712166927.89977,yolov5n,6.jpg,0.31632399559021,431.560516357422,0.747882843017578,france,half
1712166929.05509,yolov5n,6.jpg,0.360045671463013,793.965101242065,1.15400910377502,france,half
1712166929.79596,yolov5n,6.jpg,0.324343919754028,415.674686431885,0.740017175674439,france,half
1712166930.6992,yolov5n,6.jpg,0.217418670654297,684.757471084595,0.902174711227417,france,half
1712166932.25309,yolov5n,6.jpg,0.774861335754395,778.095006942749,1.55295467376709,france,half
1712166932.96249,yolov5n,6.jpg,0.291448354721069,417.066812515259,0.708512783050537,france,half
1712166934.05026,yolov5n,6.jpg,0.276313066482544,810.266494750977,1.08657717704773,france,half
1712166934.7966,yolov5n,6.jpg,0.244401693344116,500.951528549194,0.745351314544678,france,half
1712166935.8199,yolov5n,6.jpg,0.243315935134888,778.947353363037,1.02226185798645,france,half
1712166936.67635,yolov5n,6.jpg,0.508332252502441,347.278118133545,0.855607509613037,france,half
1712166937.63857,yolov5n,6.jpg,0.269414901733398,691.713571548462,0.961126804351807,france,half
1712166938.68838,yolov5n,6.jpg,0.605965852737427,442.578077316284,1.04854202270508,france,half
1712166939.79191,yolov5n,6.jpg,0.417229890823364,685.426235198975,1.10265207290649,france,half
1712166940.48553,yolov5n,6.jpg,0.317338466644287,374.345302581787,0.691682100296021,france,half
1712166941.16423,yolov5n,6.jpg,0.278039455413818,399.820804595947,0.677858352661133,france,half
1712166942.13308,yolov5n,6.jpg,0.246665239334106,721.281051635742,0.967944622039795,france,half
1712166943.23653,yolov5n,6.jpg,0.36231255531311,739.784717559814,1.10209512710571,france,half
1712166943.9686,yolov5n,6.jpg,0.292670488357544,438.31205368042,0.730979681015015,france,half
1712166944.68139,yolov5n,6.jpg,0.213631153106689,498.213052749634,0.711841583251953,france,half
1712166945.68574,yolov5n,6.jpg,0.293366432189941,709.908962249756,1.00327372550964,france,half
1712166946.43066,yolov5n,6.jpg,0.347964525222778,396.066188812256,0.744028568267822,france,half
1712166947.35846,yolov5n,6.jpg,0.287415504455566,639.407157897949,0.926815986633301,france,half
1712166948.08186,yolov5n,6.jpg,0.219948291778564,501.349925994873,0.721295595169067,france,half
1712166948.92167,yolov5n,6.jpg,0.230602264404297,607.836246490479,0.838437080383301,france,half
1712166949.53358,yolov5n,6.jpg,0.268045902252197,342.776775360107,0.610820293426514,france,half
1712166950.64906,yolov5n,6.jpg,0.447128534317017,667.401552200317,1.11452722549438,france,half
1712166951.71334,yolov5n,6.jpg,0.549138784408569,514.05668258667,1.06318879127502,france,half
1712166952.78849,yolov5n,6.jpg,0.329074859619141,745.094537734985,1.07416796684265,france,half
1712166953.81423,yolov5n,6.jpg,0.251114845275879,773.689746856689,1.02480340003967,france,half
1712166954.50604,yolov5n,6.jpg,0.323438405990601,367.476224899292,0.690912961959839,france,half
1712166955.48113,yolov5n,6.jpg,0.27762246131897,696.635723114014,0.974256277084351,france,half
1712166956.08181,yolov5n,6.jpg,0.305344820022583,294.042348861694,0.599384784698486,france,half
1712166957.45729,yolov5n,6.jpg,0.566430330276489,807.673454284668,1.37410163879395,france,half
1712166958.14698,yolov5n,6.jpg,0.263401985168457,424.968004226685,0.688368082046509,france,half
1712166959.25565,yolov5n,6.jpg,0.2627112865448,844.695329666138,1.10740518569946,france,half
1712166959.846,yolov5n,6.jpg,0.268646240234375,320.850372314453,0.589494943618774,france,half
1712166960.887,yolov5n,6.jpg,0.222176790237427,817.911624908447,1.0400869846344,france,half
1712166961.53606,yolov5n,6.jpg,0.267308473587036,381.033658981323,0.648340225219727,france,half
1712166962.24246,yolov5n,6.jpg,0.279797077178955,425.699949264526,0.70549488067627,france,half
1712166963.38681,yolov5n,6.jpg,0.322477340698242,820.570230484009,1.14304614067078,france,half
1712166964.42203,yolov5n,6.jpg,0.254121780395508,780.305862426758,1.03442621231079,france,half
1712166965.07881,yolov5n,6.jpg,0.296155214309692,359.801769256592,0.655954837799072,france,half
1712166965.80133,yolov5n,6.jpg,0.315321207046509,406.01921081543,0.721337080001831,france,half
1712166966.62382,yolov5n,6.jpg,0.222124814987183,598.938703536987,0.821061611175537,france,half
1712166967.19747,yolov5n,6.jpg,0.228868007659912,343.757152557373,0.572622537612915,france,half
1712166968.1133,yolov5n,6.jpg,0.216264009475708,698.392868041992,0.914655208587647,france,half
1712166968.81123,yolov5n,6.jpg,0.326133012771606,370.705842971802,0.696835041046143,france,half
1712166969.76363,yolov5n,6.jpg,0.26703667640686,684.042453765869,0.951077461242676,france,half
1712166970.63582,yolov5n,6.jpg,0.472504138946533,398.734331130981,0.871236562728882,france,half
1712166971.62818,yolov5n,6.jpg,0.327303886413574,663.875818252564,0.991177082061768,france,half
1712166972.58209,yolov5n,6.jpg,0.500854969024658,451.393604278564,0.95224666595459,france,half
1712166973.53091,yolov5n,6.jpg,0.241448640823364,706.15291595459,0.9475998878479,france,half
1712166974.46248,yolov5n,6.jpg,0.194095373153687,736.329793930054,0.93042254447937,france,half
1712166975.3198,yolov5n,6.jpg,0.334708690643311,521.422147750855,0.856129169464111,france,half
1712166976.21653,yolov5n,6.jpg,0.253061294555664,642.824172973633,0.895884275436401,france,half
1712166976.77691,yolov5n,6.jpg,0.216030359268188,343.443632125854,0.559466123580933,france,half
1712166977.91854,yolov5n,6.jpg,0.246199131011963,893.572330474854,1.13976979255676,france,half
1712166978.63725,yolov5n,6.jpg,0.268290758132935,449.561595916748,0.717850923538208,france,half
1712166979.73908,yolov5n,6.jpg,0.248249053955078,852.776288986206,1.10102391242981,france,half
1712166980.40489,yolov5n,6.jpg,0.233722686767578,431.2584400177,0.664979457855225,france,half
1712166981.42821,yolov5n,6.jpg,0.253879308700562,768.616199493408,1.0224940776825,france,half
1712166982.08182,yolov5n,6.jpg,0.303439617156982,348.788022994995,0.6522216796875,france,half
1712166982.72772,yolov5n,6.jpg,0.254727602005005,389.957904815674,0.644683837890625,france,half
1712166983.80777,yolov5n,6.jpg,0.307269811630249,771.573066711426,1.07883524894714,france,half
1712166984.73553,yolov5n,6.jpg,0.246994018554687,678.630113601685,0.925622463226318,france,half
1712166985.2996,yolov5n,6.jpg,0.224858999252319,337.948322296143,0.562806129455566,france,half
1712166986.01619,yolov5n,6.jpg,0.258321762084961,457.142114639282,0.715462446212769,france,half
1712166987.06709,yolov5n,6.jpg,0.294433832168579,755.228996276856,1.04966044425964,france,half
1712166987.76338,yolov5n,6.jpg,0.205183267593384,490.139484405518,0.695320606231689,france,half
1712166989.80803,yolov5n,6.jpg,1.26501679420471,778.139352798462,2.04314947128296,france,half
1712166990.32636,yolov5n,6.jpg,0.250189542770386,266.470193862915,0.516656875610352,france,half
1712166991.13657,yolov5n,6.jpg,0.174383163452148,634.165525436401,0.808547258377075,france,half
1712166992.13169,yolov5n,6.jpg,0.471383094787598,522.904634475708,0.99428653717041,france,half
1712166993.21203,yolov5n,6.jpg,0.249916315078735,829.549312591553,1.07946300506592,france,half
1712166993.83457,yolov5n,6.jpg,0.258271932601929,362.831354141235,0.62110161781311,france,half
1712166994.71751,yolov5n,6.jpg,0.227572679519653,654.346466064453,0.881917238235474,france,half
1712166995.73641,yolov5n,6.jpg,0.253322601318359,764.384508132935,1.0177047252655,france,half
1712166996.46233,yolov5n,6.jpg,0.276263952255249,448.912620544434,0.725172996520996,france,half
1712166997.62688,yolov5n,6.jpg,0.355932712554932,807.314872741699,1.16324591636658,france,half
1712166998.25701,yolov5n,6.jpg,0.191840887069702,437.322854995728,0.629156589508057,france,half
1712166999.26659,yolov5n,6.jpg,0.272293090820312,734.562158584595,1.00685381889343,france,half
1712166999.90525,yolov5n,6.jpg,0.240393400192261,397.318840026855,0.637710571289063,france,half
1712167000.84421,yolov5n,6.jpg,0.264356136322021,673.807859420776,0.93816089630127,france,half
1712167001.53575,yolov5n,6.jpg,0.265023231506348,424.842596054077,0.68986439704895,france,half
1712167002.43566,yolov5n,6.jpg,0.175572633743286,723.512172698975,0.899082660675049,france,half
1712167003.10977,yolov5n,6.jpg,0.320732116699219,352.385759353638,0.673109292984009,france,half
1712167003.77495,yolov5n,6.jpg,0.298436641693115,365.146636962891,0.663580656051636,france,half
1712167004.66465,yolov5n,6.jpg,0.209264278411865,678.622722625732,0.887885332107544,france,half
1712167005.9028,yolov5n,6.jpg,0.323321580886841,913.698673248291,1.23701906204224,france,half
1712167006.61731,yolov5n,6.jpg,0.346389770507812,367.364406585693,0.713752508163452,france,half
1712167007.25504,yolov5n,6.jpg,0.283181667327881,353.73067855835,0.63690972328186,france,half
1712167008.22531,yolov5n,6.jpg,0.247055053710937,721.83895111084,0.968892335891724,france,half
1712167008.81346,yolov5n,6.jpg,0.25065803527832,335.838317871094,0.586493968963623,france,half
1712167010.75565,yolov5n,6.jpg,1.20074081420898,740.209579467773,1.94094896316528,france,half
1712167011.44972,yolov5n,6.jpg,0.274946212768555,418.323993682861,0.693268299102783,france,half
1712167012.71297,yolov5n,6.jpg,0.445403575897217,816.985845565796,1.26238703727722,france,half
1712167013.26139,yolov5n,6.jpg,0.190462589263916,356.915235519409,0.547375202178955,france,half
1712167014.33153,yolov5n,6.jpg,0.327454328536987,741.006135940552,1.06845808029175,france,half
1712167015.02163,yolov5n,6.jpg,0.342126607894897,346.768856048584,0.68889307975769,france,half
1712167016.08231,yolov5n,6.jpg,0.295038223266602,764.399528503418,1.05943632125855,france,half
1712167017.16618,yolov5n,6.jpg,0.198704957962036,884.292125701904,1.08299541473389,france,half
1712167017.82825,yolov5n,6.jpg,0.257179498672485,404.01291847229,0.661188364028931,france,half
1712167018.84051,yolov5n,6.jpg,0.263074159622192,748.111486434937,1.01118206977844,france,half
1712167019.52761,yolov5n,6.jpg,0.34422755241394,341.184377670288,0.685406923294067,france,half
1712167020.4316,yolov5n,6.jpg,0.228455066680908,673.949003219605,0.90240216255188,france,half
1712167021.10355,yolov5n,6.jpg,0.317047357559204,353.976488113403,0.671021461486816,france,half
1712167022.15789,yolov5n,6.jpg,0.358960628509521,694.130897521973,1.05308365821838,france,half
1712167022.87091,yolov5n,6.jpg,0.306909084320068,404.309272766113,0.711216926574707,france,half
1712167023.79238,yolov5n,6.jpg,0.214398860931396,706.321716308594,0.920714139938355,france,half
1712167024.44463,yolov5n,6.jpg,0.258639097213745,391.478061676025,0.650115489959717,france,half
1712167025.18536,yolov5n,6.jpg,0.216234683990479,523.017644882202,0.739250898361206,france,half
1712167026.24938,yolov5n,6.jpg,0.272542715072632,790.552377700806,1.06309294700623,france,half
1712167027.30103,yolov5n,6.jpg,0.231173276901245,819.547176361084,1.05071806907654,france,half
1712167027.96624,yolov5n,6.jpg,0.289986848831177,374.422073364258,0.664405822753906,france,half
1712167028.72841,yolov5n,6.jpg,0.340622186660767,420.449256896973,0.761068105697632,france,half
1712167029.77311,yolov5n,6.jpg,0.219171047210693,824.446439743042,1.04361534118652,france,half
1712167030.48826,yolov5n,6.jpg,0.31773042678833,396.315097808838,0.714043378829956,france,half
1712167031.43117,yolov5n,6.jpg,0.250243663787842,691.373348236084,0.941614389419556,france,half
1712167032.02661,yolov5n,6.jpg,0.244004726409912,350.452423095703,0.594454288482666,france,half
1712167032.92815,yolov5n,6.jpg,0.234434366226196,665.411710739136,0.899843215942383,france,half
1712167033.59312,yolov5n,6.jpg,0.233451366424561,430.423736572266,0.663870573043823,france,half
1712167034.8272,yolov5n,6.jpg,0.428951263427734,803.904056549072,1.23285317420959,france,half
1712167035.47457,yolov5n,6.jpg,0.305195093154907,340.642929077148,0.645834445953369,france,half
1712167036.62223,yolov5n,6.jpg,0.317068099975586,829.169273376465,1.14623522758484,france,half
1712167037.62351,yolov5n,6.jpg,0.266930818557739,733.001947402954,0.999931335449219,france,half
1712167038.30829,yolov5n,6.jpg,0.325299978256226,357.831239700317,0.683126449584961,france,half
1712167039.34572,yolov5n,6.jpg,0.284161806106567,751.315116882324,1.03547501564026,france,half
1712167039.97174,yolov5n,6.jpg,0.201231241226196,423.750638961792,0.624979972839356,france,half
1712167040.85149,yolov5n,6.jpg,0.184799671173096,693.407535552979,0.878205299377441,france,half
1712167041.54738,yolov5n,6.jpg,0.271246433258057,423.502922058106,0.694747447967529,france,half
1712167042.70181,yolov5n,6.jpg,0.34529185295105,807.76834487915,1.1530590057373,france,half
1712167043.45901,yolov5n,6.jpg,0.385714054107666,370.723485946655,0.756435394287109,france,half
1712167044.7814,yolov5n,6.jpg,0.476715564727783,844.234943389893,1.32094860076904,france,half
1712167045.44839,yolov5n,6.jpg,0.275499820709229,390.283107757568,0.665781259536743,france,half
1712167046.15445,yolov5n,6.jpg,0.196543216705322,508.415699005127,0.704957008361816,france,half
1712167047.3272,yolov5n,6.jpg,0.428708791732788,743.34192276001,1.17204689979553,france,half
1712167048.14217,yolov5n,6.jpg,0.247294902801514,566.661834716797,0.813952684402466,france,half
1712167048.84714,yolov5n,6.jpg,0.268803358078003,434.749841690064,0.703551530838013,france,half
1712167049.53282,yolov5n,6.jpg,0.263658761978149,421.136856079102,0.684793710708618,france,half
1712167050.47133,yolov5n,6.jpg,0.31296706199646,624.720811843872,0.93768572807312,france,half
1712167051.16381,yolov5n,6.jpg,0.294064998626709,397.380590438843,0.691442728042603,france,half
1712167052.2166,yolov5n,6.jpg,0.213793992996216,837.736368179321,1.05152893066406,france,half
1712167052.76959,yolov5n,6.jpg,0.205172538757324,346.57621383667,0.551745891571045,france,half
1712167053.80963,yolov5n,6.jpg,0.332185983657837,706.325531005859,1.03850865364075,france,half
1712167054.39192,yolov5n,6.jpg,0.22684645652771,354.18176651001,0.581023693084717,france,half
1712167055.33464,yolov5n,6.jpg,0.271060943603516,669.66724395752,0.940726757049561,france,half
1712167056.09304,yolov5n,6.jpg,0.314897537231445,442.387819290161,0.757283449172974,france,half
1712167057.16548,yolov5n,6.jpg,0.266097068786621,804.712057113647,1.07080721855164,france,half
1712167058.30986,yolov5n,6.jpg,0.434487104415894,708.983659744263,1.14346265792847,france,half
1712167058.82661,yolov5n,6.jpg,0.159165859222412,355.517864227295,0.514682054519653,france,half
1712167059.82924,yolov5n,6.jpg,0.33519434928894,665.978908538818,1.00117111206055,france,half
1712167060.55355,yolov5n,6.jpg,0.294115304946899,429.263830184937,0.723376989364624,france,half
1712167061.71449,yolov5n,6.jpg,0.346002817153931,813.877105712891,1.15987801551819,france,half
1712167062.29337,yolov5n,6.jpg,0.318545341491699,259.491920471191,0.578033447265625,france,half
1712167063.20369,yolov5n,6.jpg,0.232770681381226,675.594568252564,0.908363580703735,france,half
1712167064.06015,yolov5n,6.jpg,0.40874719619751,446.94709777832,0.85569167137146,france,half
1712167065.11268,yolov5n,6.jpg,0.317039966583252,733.85214805603,1.0508816242218,france,half
1712167065.97431,yolov5n,6.jpg,0.497273206710815,363.287925720215,0.860557079315186,france,half
1712167066.75292,yolov5n,6.jpg,0.294360160827637,482.893466949463,0.777252197265625,france,half
1712167067.76807,yolov5n,6.jpg,0.298439264297485,715.934753417969,1.01437139511108,france,half
1712167068.8114,yolov5n,6.jpg,0.252880811691284,789.122104644775,1.0419909954071,france,half
1712167069.51624,yolov5n,6.jpg,0.344817876815796,358.846426010132,0.703661918640137,france,half
1712167070.28352,yolov5n,6.jpg,0.326659202575684,439.285755157471,0.765943765640259,france,half
1712167071.3706,yolov5n,6.jpg,0.216544151306152,869.754314422607,1.08629441261292,france,half
1712167072.0196,yolov5n,6.jpg,0.239802837371826,406.971216201782,0.646772384643555,france,half
1712167073.13316,yolov5n,6.jpg,0.389986753463745,722.349643707275,1.11233448982239,france,half
1712167073.8585,yolov5n,6.jpg,0.279336452484131,445.203304290772,0.724532604217529,france,half
1712167074.84252,yolov5n,6.jpg,0.174568891525269,807.952880859375,0.982513189315796,france,half
1712167075.54323,yolov5n,6.jpg,0.187556266784668,511.447668075562,0.699001789093018,france,half
1712167076.58731,yolov5n,6.jpg,0.306589126586914,735.870361328125,1.04245781898499,france,half
1712167077.17855,yolov5n,6.jpg,0.214086294174194,376.323938369751,0.590408086776733,france,half
1712167078.0518,yolov5n,6.jpg,0.25423264503479,617.730855941772,0.871962308883667,france,half
1712167079.04487,yolov5n,6.jpg,0.261728525161743,730.597019195557,0.992323637008667,france,half
1712167079.75897,yolov5n,6.jpg,0.191822052001953,521.178007125855,0.712997674942017,france,half
1712167081.0272,yolov5n,6.jpg,0.453568935394287,813.070058822632,1.26663756370544,france,half
1712167081.63856,yolov5n,6.jpg,0.282072067260742,328.269720077515,0.610337495803833,france,half
1712167082.5525,yolov5n,6.jpg,0.190619468688965,721.556186676025,0.912174224853516,france,half
1712167083.18849,yolov5n,6.jpg,0.314793109893799,320.226430892944,0.635015249252319,france,half
1712167084.45518,yolov5n,6.jpg,0.449840307235718,815.561294555664,1.26539897918701,france,half
1712167085.19779,yolov5n,6.jpg,0.32402515411377,416.556596755981,0.740579605102539,france,half
1712167086.15285,yolov5n,6.jpg,0.19240403175354,761.604785919189,0.954007387161255,france,half
1712167087.09013,yolov5n,6.jpg,0.528862476348877,407.493829727173,0.936353921890259,france,half
1712167087.64328,yolov5n,6.jpg,0.258615732192993,292.697429656982,0.551311731338501,france,half
1712167088.74295,yolov5n,6.jpg,0.345557689666748,752.698421478272,1.09825420379639,france,half
1712167089.87121,yolov5n,6.jpg,0.378337621688843,748.862504959106,1.12719750404358,france,half
1712167090.58689,yolov5n,6.jpg,0.301807403564453,411.818027496338,0.713624000549316,france,half
1712167091.23339,yolov5n,6.jpg,0.253215312957764,392.647743225098,0.645861148834229,france,half
1712167092.29583,yolov5n,6.jpg,0.294065952301025,767.443180084229,1.06150460243225,france,half
1712167093.03412,yolov5n,6.jpg,0.257440328598022,479.729175567627,0.737167358398438,france,half
1712167094.15681,yolov5n,6.jpg,0.465471029281616,656.196594238281,1.12166428565979,france,half
1712167094.72645,yolov5n,6.jpg,0.249895095825195,317.803144454956,0.567695617675781,france,half
1712167095.62855,yolov5n,6.jpg,0.254228830337524,646.801471710205,0.901028394699097,france,half
1712167096.42986,yolov5n,6.jpg,0.362096309661865,438.313007354736,0.800407409667969,france,half
1712167097.81569,yolov5n,6.jpg,0.43356204032898,951.342821121216,1.38490295410156,france,half
1712167098.53469,yolov5n,6.jpg,0.354508638381958,363.598823547363,0.718105316162109,france,half
1712167099.51525,yolov5n,6.jpg,0.241716623306274,737.55407333374,0.979269504547119,france,half
1712167100.6015,yolov5n,6.jpg,0.317537307739258,767.867803573608,1.08540344238281,france,half
1712167101.26697,yolov5n,6.jpg,0.307560682296753,357.157230377197,0.664716482162476,france,half
1712167102.58988,yolov5n,6.jpg,0.427507877349854,894.569873809814,1.32207536697388,france,half
1712167103.23222,yolov5n,6.jpg,0.267048358917236,373.534440994263,0.640581130981445,france,half
1712167104.39056,yolov5n,6.jpg,0.44977593421936,707.748413085938,1.15751910209656,france,half
1712167105.03608,yolov5n,6.jpg,0.259914636611938,383.289813995361,0.643202066421509,france,half
1712167106.27883,yolov5n,6.jpg,0.515247821807861,726.658821105957,1.24190521240234,france,half
1712167106.94976,yolov5n,6.jpg,0.194074630737305,476.00531578064,0.670078277587891,france,half
1712167108.07117,yolov5n,6.jpg,0.280436992645264,840.186357498169,1.12061190605164,france,half
1712167108.67542,yolov5n,6.jpg,0.212052345275879,390.521287918091,0.602571725845337,france,half
1712167109.32003,yolov5n,6.jpg,0.250945329666138,392.609119415283,0.643552541732788,france,half
1712167110.24678,yolov5n,6.jpg,0.183092355728149,742.537021636963,0.925627946853638,france,half
1712167111.58614,yolov5n,6.jpg,0.503826141357422,834.635972976685,1.33846044540405,france,half
1712167112.25828,yolov5n,6.jpg,0.286818981170654,384.564876556396,0.671380519866943,france,half
1712167112.97876,yolov5n,6.jpg,0.295941352844238,422.8196144104,0.718759298324585,france,half
1712167114.05975,yolov5n,6.jpg,0.27052116394043,809.22532081604,1.07974362373352,france,half
1712167114.65818,yolov5n,6.jpg,0.192119359970093,404.819488525391,0.596924304962158,france,half
1712167115.94367,yolov5n,6.jpg,0.461242914199829,823.067665100098,1.28430843353271,france,half
1712167116.73744,yolov5n,6.jpg,0.368225336074829,424.527168273926,0.792750120162964,france,half
1712167117.75442,yolov5n,6.jpg,0.185340881347656,829.915761947632,1.01525282859802,france,half
1712167118.43967,yolov5n,6.jpg,0.266996622085571,416.074275970459,0.683069229125977,france,half
1712167119.43583,yolov5n,6.jpg,0.257155656814575,737.431287765503,0.994585752487183,france,half
1712167120.09481,yolov5n,6.jpg,0.308008670806885,350.23307800293,0.658237934112549,france,half
1712167121.08977,yolov5n,6.jpg,0.225259065628052,768.368721008301,0.993625164031982,france,half
1712167122.14449,yolov5n,6.jpg,0.288082599639893,764.649868011475,1.05273056030273,france,half
1712167122.81864,yolov5n,6.jpg,0.239593505859375,433.620691299439,0.673212766647339,france,half
1712167123.73339,yolov5n,6.jpg,0.233252286911011,680.625438690186,0.913876056671143,france,half
1712167124.45037,yolov5n,6.jpg,0.273624181747437,442.612171173096,0.716233968734741,france,half
1712167125.57696,yolov5n,6.jpg,0.376834154129028,748.94380569458,1.1257758140564,france,half
1712167126.5504,yolov5n,6.jpg,0.491848230361939,480.139255523682,0.971985816955566,france,half
1712167127.64689,yolov5n,6.jpg,0.262296199798584,833.395481109619,1.09569025039673,france,half
1712167128.29903,yolov5n,6.jpg,0.229275226593018,421.889305114746,0.651162385940552,france,half
1712167129.3477,yolov5n,6.jpg,0.272457122802734,775.010585784912,1.04746580123901,france,half
1712167130.0591,yolov5n,6.jpg,0.28445839881897,426.040649414063,0.710497617721558,france,half
1712167130.67655,yolov5n,6.jpg,0.296315908432007,319.972991943359,0.616286516189575,france,half
1712167131.74136,yolov5n,6.jpg,0.265241861343384,798.177719116211,1.06341671943665,france,half
1712167132.74952,yolov5n,6.jpg,0.263629198074341,743.192911148071,1.00682067871094,france,half
1712167133.41028,yolov5n,6.jpg,0.252249002456665,407.727241516113,0.659974336624146,france,half
1712167134.2843,yolov5n,6.jpg,0.417185068130493,455.863475799561,0.873046636581421,france,half
1712167135.2254,yolov5n,6.jpg,0.24536657333374,694.567918777466,0.939933061599731,france,half
1712167137.26548,yolov5n,6.jpg,1.60336518287659,435.727119445801,2.03909015655518,france,half
1712167138.24962,yolov5n,6.jpg,0.272418737411499,710.531711578369,0.982949256896973,france,half
1712167139.03157,yolov5n,6.jpg,0.260811567306519,520.234346389771,0.781044244766235,france,half
1712167140.0211,yolov5n,6.jpg,0.262993812561035,725.784301757813,0.988766193389893,france,half
1712167140.86682,yolov5n,6.jpg,0.498990774154663,345.285177230835,0.844274282455444,france,half
1712167141.95641,yolov5n,6.jpg,0.197102546691895,891.503095626831,1.08860325813293,france,half
1712167142.77463,yolov5n,6.jpg,0.390946388244629,425.757646560669,0.816702365875244,france,half
1712167143.83124,yolov5n,6.jpg,0.348711967468262,706.656217575073,1.0553662776947,france,half
1712167144.89636,yolov5n,6.jpg,0.23629879951477,828.06658744812,1.06436371803284,france,half
1712167145.43888,yolov5n,6.jpg,0.171876668930054,369.440078735352,0.541314601898193,france,half
1712167146.37798,yolov5n,6.jpg,0.230408430099487,706.982612609863,0.937388896942139,france,half
1712167147.17911,yolov5n,6.jpg,0.406974792480469,393.221616744995,0.800192356109619,france,half
1712167148.22369,yolov5n,6.jpg,0.241188049316406,801.720857620239,1.0429003238678,france,half
1712167148.8405,yolov5n,6.jpg,0.26164436340332,352.582931518555,0.614215612411499,france,half
1712167149.89058,yolov5n,6.jpg,0.290704727172852,757.582664489746,1.04828333854675,france,half
1712167150.63155,yolov5n,6.jpg,0.263015747070312,475.135564804077,0.738149404525757,france,half
1712167151.62885,yolov5n,6.jpg,0.268153429031372,728.225946426392,0.99637770652771,france,half
1712167152.38454,yolov5n,6.jpg,0.411040544509888,343.81890296936,0.754856824874878,france,half
1712167153.25139,yolov5n,6.jpg,0.496082782745361,369.748830795288,0.865829944610596,france,half
1712167154.42852,yolov5n,6.jpg,0.335573196411133,840.643405914307,1.17621445655823,france,half
1712167155.40709,yolov5n,6.jpg,0.222028493881226,755.23042678833,0.97725510597229,france,half
1712167156.06342,yolov5n,6.jpg,0.280404329299927,374.553918838501,0.654956340789795,france,half
1712167156.7246,yolov5n,6.jpg,0.257898807525635,402.378082275391,0.660274744033814,france,half
1712167157.64886,yolov5n,6.jpg,0.260452747344971,662.564754486084,0.923015832901001,france,half
1712167158.56159,yolov5n,6.jpg,0.478025913238525,433.434247970581,0.911458253860474,france,half
1712167159.93607,yolov5n,6.jpg,0.535496950149536,838.075160980225,1.37356996536255,france,half
1712167160.54761,yolov5n,6.jpg,0.274236917495728,335.217475891113,0.609452486038208,france,half
1712167161.53306,yolov5n,6.jpg,0.177909374237061,806.731224060059,0.984639406204224,france,half
1712167162.32772,yolov5n,6.jpg,0.440246343612671,353.667497634888,0.793911457061768,france,half
1712167163.16693,yolov5n,6.jpg,0.198091268539429,640.084505081177,0.838173866271973,france,half
1712167163.96573,yolov5n,6.jpg,0.287593603134155,510.538816452026,0.798129796981812,france,half
1712167165.05179,yolov5n,6.jpg,0.271127700805664,813.570499420166,1.08469676971436,france,half
1712167166.13273,yolov5n,6.jpg,0.263027191162109,817.140579223633,1.08016633987427,france,half
1712167166.83928,yolov5n,6.jpg,0.269385814666748,436.470746994019,0.705851554870606,france,half
1712167167.92323,yolov5n,6.jpg,0.323884725570679,758.386850357056,1.08226490020752,france,half
1712167168.43117,yolov5n,6.jpg,0.253654003143311,253.097295761108,0.506749629974365,france,half
1712167169.41162,yolov5n,6.jpg,0.240490436553955,739.108324050903,0.979596853256226,france,half
1712167170.31473,yolov5n,6.jpg,0.451282262802124,450.525522232056,0.901806354522705,france,half
1712167171.34007,yolov5n,6.jpg,0.273310422897339,751.231193542481,1.02453851699829,france,half
1712167172.12825,yolov5n,6.jpg,0.26361608505249,522.809743881226,0.786424160003662,france,half
1712167173.07897,yolov5n,6.jpg,0.219988346099854,729.750394821167,0.949737071990967,france,half
1712167173.85434,yolov5n,6.jpg,0.282710790634155,491.8053150177,0.774511575698853,france,half
1712167174.58647,yolov5n,6.jpg,0.311386108398437,417.709827423096,0.72909140586853,france,half
1712167175.49948,yolov5n,6.jpg,0.239349126815796,671.014785766602,0.910361766815186,france,half
1712167176.47432,yolov5n,6.jpg,0.281415224075317,692.137718200684,0.973551273345947,france,half
1712167177.25701,yolov5n,6.jpg,0.299796104431152,481.959819793701,0.781738519668579,france,half
1712167177.93553,yolov5n,6.jpg,0.259013414382935,418.4730052948,0.677484750747681,france,half
1712167181.22978,yolov5n,6.jpg,2.57274436950684,720.142841339111,3.29288411140442,france,half
1712167182.01556,yolov5n,6.jpg,0.358371734619141,426.383018493652,0.784752607345581,france,half
1712167182.97001,yolov5n,6.jpg,0.296243667602539,656.718015670776,0.952957630157471,france,half
1712167183.79568,yolov5n,6.jpg,0.326427936553955,496.756553649902,0.823180437088013,france,half
1712167184.77653,yolov5n,6.jpg,0.28483510017395,694.300174713135,0.979133605957031,france,half
1712167185.43992,yolov5n,6.jpg,0.181286096572876,481.061458587647,0.662344217300415,france,half
1712167186.46285,yolov5n,6.jpg,0.198427677154541,823.221445083618,1.02164649963379,france,half
1712167187.13982,yolov5n,6.jpg,0.261983156204224,414.119720458984,0.676100254058838,france,half
1712167188.22583,yolov5n,6.jpg,0.249162912368774,835.420846939087,1.08458185195923,france,half
1712167189.04926,yolov5n,6.jpg,0.182904005050659,639.609813690186,0.822511196136475,france,half
1712167189.75425,yolov5n,6.jpg,0.280420541763306,423.467874526978,0.703880310058594,france,half
1712167190.73809,yolov5n,6.jpg,0.244558572769165,737.084865570068,0.981641530990601,france,half
1712167191.73981,yolov5n,6.jpg,0.476967811584473,523.163795471191,1.00012707710266,france,half
1712167193.69875,yolov5n,6.jpg,1.12729954719543,830.027580261231,1.95732569694519,france,half
1712167194.38309,yolov5n,6.jpg,0.305841684341431,377.422571182251,0.683262586593628,france,half
1712167195.34224,yolov5n,6.jpg,0.246325731277466,712.108135223389,0.958431959152222,france,half
1712167196.04619,yolov5n,6.jpg,0.259671688079834,443.180561065674,0.702851057052612,france,half
1712167197.10066,yolov5n,6.jpg,0.242236375808716,811.484575271606,1.05371952056885,france,half
1712167197.76284,yolov5n,6.jpg,0.283252954483032,378.153085708618,0.661404609680176,france,half
1712167198.33041,yolov5n,6.jpg,0.248588800430298,318.110942840576,0.56669807434082,france,half
1712167199.30232,yolov5n,6.jpg,0.310384035110474,660.326242446899,0.970707893371582,france,half
1712167200.5964,yolov5n,6.jpg,0.617043256759644,674.153566360474,1.29119491577148,france,half
1712167201.34481,yolov5n,6.jpg,0.267593860626221,479.689598083496,0.747281312942505,france,half
1712167202.29678,yolov5n,6.jpg,0.433276414871216,517.814636230469,0.95108962059021,france,half
1712167203.25211,yolov5n,6.jpg,0.272342443466187,682.181358337402,0.954510688781738,france,half
1712167203.93365,yolov5n,6.jpg,0.174065113067627,504.873037338257,0.678936243057251,france,half
1712167205.28271,yolov5n,6.jpg,0.515883922576904,832.445621490479,1.34832787513733,france,half
1712167206.0274,yolov5n,6.jpg,0.255163908004761,488.692760467529,0.743854522705078,france,half
1712167207.0202,yolov5n,6.jpg,0.263774871826172,727.998495101929,0.991770744323731,france,half
1712167207.6639,yolov5n,6.jpg,0.31834888458252,323.606252670288,0.641953229904175,france,half
1712167208.76816,yolov5n,6.jpg,0.278977632522583,824.445724487305,1.10342144966125,france,half
1712167209.45654,yolov5n,6.jpg,0.275316953659058,410.907983779907,0.686221599578857,france,half
1712167210.60665,yolov5n,6.jpg,0.24694299697876,901.891708374023,1.14882922172546,france,half
1712167211.60378,yolov5n,6.jpg,0.324371814727783,671.277523040772,0.995628118515015,france,half
1712167212.1287,yolov5n,6.jpg,0.162463426589966,360.706806182861,0.523168087005615,france,half
1712167213.15498,yolov5n,6.jpg,0.257678270339966,767.28367805481,1.02495956420898,france,half
1712167214.17608,yolov5n,6.jpg,0.50572657585144,513.631105422974,1.01935577392578,france,half
1712167215.37564,yolov5n,6.jpg,0.314343929290771,884.239196777344,1.19858121871948,france,half
1712167216.0717,yolov5n,6.jpg,0.287283658981323,407.83166885376,0.695112466812134,france,half
1712167217.05137,yolov5n,6.jpg,0.252823114395142,725.687026977539,0.978508710861206,france,half
1712167217.75635,yolov5n,6.jpg,0.274862051010132,428.198099136353,0.703058004379272,france,half
1712167218.87649,yolov5n,6.jpg,0.299399852752686,819.104671478272,1.11849284172058,france,half
1712167219.58871,yolov5n,6.jpg,0.315143585205078,395.610332489014,0.710750102996826,france,half
1712167220.16133,yolov5n,6.jpg,0.282323360443115,288.699388504028,0.571021556854248,france,half
1712167221.1324,yolov5n,6.jpg,0.17190432548523,798.311710357666,0.970214605331421,france,half
1712167222.0307,yolov5n,6.jpg,0.230261564254761,667.038679122925,0.897298812866211,france,half
1712167222.77383,yolov5n,6.jpg,0.327582120895386,414.800882339478,0.742381572723389,france,half
1712167223.47321,yolov5n,6.jpg,0.296961069107056,401.523351669312,0.698480129241943,france,half
1712167224.47719,yolov5n,6.jpg,0.210187673568726,792.553186416626,1.00273823738098,france,half
1712167225.04788,yolov5n,6.jpg,0.273701667785645,295.73917388916,0.56943941116333,france,half
1712167226.16833,yolov5n,6.jpg,0.285628080368042,833.939552307129,1.11956453323364,france,half
1712167226.83688,yolov5n,6.jpg,0.258776903152466,407.574415206909,0.666346788406372,france,half
1712167228.06699,yolov5n,6.jpg,0.500953435897827,726.171493530273,1.22712278366089,france,half
1712167229.04969,yolov5n,6.jpg,0.482271432876587,498.609781265259,0.980879306793213,france,half
1712167230.69773,yolov5n,6.jpg,0.797816038131714,848.664522171021,1.64647889137268,france,half
1712167231.31079,yolov5n,6.jpg,0.242271900177002,369.792938232422,0.612062931060791,france,half
1712167232.60396,yolov5n,6.jpg,0.546645164489746,745.537519454956,1.29218101501465,france,half
1712167233.54213,yolov5n,6.jpg,0.267169952392578,668.877363204956,0.936045169830322,france,half
1712167234.36492,yolov5n,6.jpg,0.48464298248291,337.201356887817,0.821830272674561,france,half
1712167235.60878,yolov5n,6.jpg,0.519365072250366,714.368104934692,1.23372054100037,france,half
1712167236.19617,yolov5n,6.jpg,0.31869649887085,259.864330291748,0.578558683395386,france,half
1712167237.4476,yolov5n,6.jpg,0.489046096801758,760.736703872681,1.24977493286133,france,half
1712167238.174,yolov5n,6.jpg,0.208295345306396,516.804456710815,0.725098371505737,france,half
1712167239.28974,yolov5n,6.jpg,0.296048879623413,818.78399848938,1.11483097076416,france,half
1712167239.90136,yolov5n,6.jpg,0.239871263504028,370.714902877808,0.61058235168457,france,half
1712167240.93404,yolov5n,6.jpg,0.256234169006348,773.846864700317,1.03007984161377,france,half
1712167241.63437,yolov5n,6.jpg,0.262745141983032,435.996294021606,0.698739528656006,france,half
1712167242.26101,yolov5n,6.jpg,0.200721502304077,424.232959747314,0.624952793121338,france,half
1712167244.27565,yolov5n,6.jpg,1.23611974716187,777.629852294922,2.01374816894531,france,half
1712167245.24718,yolov5n,6.jpg,0.244642734527588,725.952386856079,0.970588445663452,france,half
1712167245.97025,yolov5n,6.jpg,0.282006502151489,439.340353012085,0.7213454246521,france,half
1712167246.71125,yolov5n,6.jpg,0.245378971099854,494.217395782471,0.739594459533691,france,half
1712167247.73381,yolov5n,6.jpg,0.253420352935791,768.409967422485,1.02182841300964,france,half
1712167248.60809,yolov5n,6.jpg,0.428800106048584,443.817138671875,0.872615575790405,france,half
1712167249.62476,yolov5n,6.jpg,0.255727529525757,760.008096694946,1.01573395729065,france,half
1712167250.23368,yolov5n,6.jpg,0.249776124954224,358.204364776611,0.607979297637939,france,half
1712167251.34335,yolov5n,6.jpg,0.251519441604614,856.869697570801,1.10838770866394,france,half
1712167252.04996,yolov5n,6.jpg,0.18785572052002,517.79317855835,0.705646991729736,france,half
1712167253.16032,yolov5n,6.jpg,0.203773498535156,905.509233474731,1.10928058624268,france,half
1712167253.8272,yolov5n,6.jpg,0.248862266540527,416.943311691284,0.665804147720337,france,half
1712167254.77867,yolov5n,6.jpg,0.21550178527832,734.899520874023,0.950399160385132,france,half
1712167255.73939,yolov5n,6.jpg,0.237712621688843,722.038745880127,0.959732294082642,france,half
1712167256.38392,yolov5n,6.jpg,0.294275999069214,348.354339599609,0.64262866973877,france,half
1712167257.35653,yolov5n,6.jpg,0.194926977157593,775.519132614136,0.970444202423096,france,half
1712167258.11157,yolov5n,6.jpg,0.327272653579712,425.96960067749,0.753240346908569,france,half
1712167259.14631,yolov5n,6.jpg,0.244690179824829,789.187908172607,1.03387641906738,france,half
1712167259.84729,yolov5n,6.jpg,0.276791095733643,423.096895217896,0.699876070022583,france,half
1712167260.97559,yolov5n,6.jpg,0.292990446090698,833.96577835083,1.1269543170929,france,half
1712167261.74801,yolov5n,6.jpg,0.28374457359314,487.886190414429,0.771629333496094,france,half
1712167262.78471,yolov5n,6.jpg,0.219981908798218,815.833806991577,1.03580904006958,france,half
1712167263.45197,yolov5n,6.jpg,0.270673990249634,394.976615905762,0.665647029876709,france,half
1712167264.16344,yolov5n,6.jpg,0.195518493652344,513.894319534302,0.709411382675171,france,half
1712167265.24661,yolov5n,6.jpg,0.263600587844849,818.392276763916,1.08198952674866,france,half
1712167266.19227,yolov5n,6.jpg,0.22247576713562,722.01943397522,0.944493532180786,france,half
1712167267.02019,yolov5n,6.jpg,0.345615863800049,481.37378692627,0.826979637145996,france,half
1712167267.92585,yolov5n,6.jpg,0.544110059738159,360.121488571167,0.904229879379272,france,half
1712167268.86307,yolov5n,6.jpg,0.258166074752808,678.063154220581,0.936226844787598,france,half
1712167269.68661,yolov5n,6.jpg,0.398447036743164,423.552513122559,0.821986675262451,france,half
1712167270.74546,yolov5n,6.jpg,0.278889656066895,778.085470199585,1.05697274208069,france,half
1712167271.40576,yolov5n,6.jpg,0.230390787124634,428.579807281494,0.658964157104492,france,half
1712167272.59414,yolov5n,6.jpg,0.430166482925415,756.262063980103,1.18642592430115,france,half
1712167273.24636,yolov5n,6.jpg,0.187310457229614,463.672399520874,0.650980472564697,france,half
1712167274.34015,yolov5n,6.jpg,0.177518606185913,913.932085037231,1.09144878387451,france,half
1712167275.12682,yolov5n,6.jpg,0.26596188545227,519.707202911377,0.785666942596436,france,half
1712167276.15864,yolov5n,6.jpg,0.292576313018799,737.955331802368,1.03052973747253,france,half
1712167277.19834,yolov5n,6.jpg,0.237467527389526,800.970077514648,1.03843593597412,france,half
1712167277.85564,yolov5n,6.jpg,0.283369541168213,373.001337051392,0.656368970870972,france,half
1712167280.01651,yolov5n,6.jpg,1.32429647445679,835.362672805786,2.15965604782104,france,half
1712167280.79924,yolov5n,6.jpg,0.341148376464844,438.672304153442,0.779818296432495,france,half
1712167281.87583,yolov5n,6.jpg,0.398427724838257,677.056074142456,1.07548189163208,france,half
1712167282.44438,yolov5n,6.jpg,0.268728733062744,298.875331878662,0.567601919174194,france,half
1712167283.56467,yolov5n,6.jpg,0.289824485778809,829.143524169922,1.11896586418152,france,half
1712167284.41708,yolov5n,6.jpg,0.359322309494019,492.106437683106,0.851422548294067,france,half
1712167285.48934,yolov5n,6.jpg,0.317668437957764,752.735137939453,1.07040095329285,france,half
1712167286.13925,yolov5n,6.jpg,0.259507417678833,388.858795166016,0.648364782333374,france,half
1712167287.16834,yolov5n,6.jpg,0.501348733901978,526.831388473511,1.02817749977112,france,half
1712167288.18196,yolov5n,6.jpg,0.218437194824219,793.78342628479,1.01221895217896,france,half
1712167289.172,yolov5n,6.jpg,0.272232532501221,716.947555541992,0.989175796508789,france,half
1712167289.87069,yolov5n,6.jpg,0.284537076950073,412.741422653198,0.697275638580322,france,half
1712167290.69427,yolov5n,6.jpg,0.431227207183838,391.128540039062,0.822340726852417,france,half
1712167291.77842,yolov5n,6.jpg,0.321269750595093,761.455059051514,1.08272314071655,france,half
1712167292.61255,yolov5n,6.jpg,0.348863363265991,484.145164489746,0.833005666732788,france,half
1712167293.65767,yolov5n,6.jpg,0.367414474487305,676.602363586426,1.04401421546936,france,half
1712167294.36218,yolov5n,6.jpg,0.200097560882568,502.438306808472,0.702534437179565,france,half
1712167295.36574,yolov5n,6.jpg,0.264308929443359,738.179206848145,1.00248599052429,france,half
1712167296.04223,yolov5n,6.jpg,0.176221370697021,499.100923538208,0.675321102142334,france,half
1712167297.12358,yolov5n,6.jpg,0.264750957489014,815.443277359009,1.08019256591797,france,half
1712167298.04415,yolov5n,6.jpg,0.479118347167969,440.536022186279,0.919652223587036,france,half
