1714060033.502991,yolov5n,6.jpg,0.6648108959197998,599.3812084197998,1.3138461112976074,europe-west1,500
1714060035.186819,yolov5n,6.jpg,0.4618699550628662,1201.204776763916,1.6830940246582031,europe-west3,500
1714060036.318848,yolov5n,6.jpg,0.6604363918304443,430.7715892791748,1.1313798427581787,europe-west9,500
1714060037.4410956,yolov5n,6.jpg,0.39083099365234375,686.1765384674072,1.1216340065002441,europe-west2,500
1714060038.7705057,yolov5n,6.jpg,0.6638932228088379,647.578239440918,1.3287253379821777,europe-west1,500
1714060040.0585153,yolov5n,6.jpg,0.7504398822784424,492.9642677307129,1.2873399257659912,europe-west9,500
1714060042.7974393,yolov5n,6.jpg,0.6872618198394775,2033.5984230041504,2.738316059112549,europe-west3,500
1714060044.2253022,yolov5n,6.jpg,0.6690974235534668,713.5818004608154,1.4272255897521973,europe-west2,500
1714060046.037889,yolov5n,6.jpg,0.7701101303100586,969.4256782531738,1.7732069492340088,europe-west1,500
1714060047.9073408,yolov5n,6.jpg,0.4429199695587158,1378.5395622253418,1.8686964511871338,europe-west3,500
1714060049.1275346,yolov5n,6.jpg,0.5106728076934814,687.7436637878418,1.2195677757263184,europe-west9,500
1714060050.451179,yolov5n,6.jpg,0.5048916339874268,772.4130153656006,1.3230335712432861,europe-west2,500
1714060052.0530102,yolov5n,6.jpg,0.7341728210449219,845.3154563903809,1.6011812686920166,europe-west1,500
1714060053.3437407,yolov5n,6.jpg,0.5551378726959229,685.8294010162354,1.2899396419525146,europe-west9,500
1714060055.142385,yolov5n,6.jpg,0.5390872955322266,1204.8616409301758,1.7978780269622803,europe-west3,500
1714060056.6954663,yolov5n,6.jpg,0.839209794998169,694.5669651031494,1.5516362190246582,europe-west2,500
1714060057.868927,yolov5n,6.jpg,0.6978371143341064,392.8983211517334,1.1444385051727295,europe-west1,500
1714060059.0829856,yolov5n,6.jpg,0.5373241901397705,653.6905765533447,1.2132458686828613,europe-west3,500
1714060060.2563794,yolov5n,6.jpg,0.6059932708740234,515.2795314788818,1.1727259159088135,europe-west9,500
1714060061.1123059,yolov5n,6.jpg,0.46595001220703125,366.65868759155273,0.8552200794219971,europe-west2,500
1714060062.5015492,yolov5n,6.jpg,0.8758373260498047,463.63139152526855,1.3884472846984863,europe-west1,500
1714060063.4745069,yolov5n,6.jpg,0.5680091381072998,383.18514823913574,0.9722528457641602,europe-west9,500
1714060065.163283,yolov5n,6.jpg,0.9044115543365479,739.5443916320801,1.6881153583526611,europe-west3,500
1714060066.1632783,yolov5n,6.jpg,0.5461459159851074,437.1347427368164,0.999333381652832,europe-west2,500
1714060067.5075839,yolov5n,6.jpg,0.4680461883544922,800.8584976196289,1.3122470378875732,europe-west1,500
1714060069.4607198,yolov5n,6.jpg,0.8045604228973389,1130.4047107696533,1.9524455070495605,europe-west3,500
1714060070.7410932,yolov5n,6.jpg,0.6040575504302979,626.8219947814941,1.2796528339385986,europe-west9,500
1714060071.963659,yolov5n,6.jpg,0.4091935157775879,763.8592720031738,1.2217504978179932,europe-west2,500
1714060073.188143,yolov5n,6.jpg,0.4370722770690918,763.8978958129883,1.2237155437469482,europe-west1,500
1714060074.416031,yolov5n,6.jpg,0.5463361740112305,632.6494216918945,1.2271316051483154,europe-west9,500
1714060076.1154206,yolov5n,6.jpg,0.5731167793273926,1103.8219928741455,1.6986026763916016,europe-west3,500
1714060077.7078202,yolov5n,6.jpg,0.6542348861694336,890.4030323028564,1.5917789936065674,europe-west2,500
1714060078.737105,yolov5n,6.jpg,0.5958731174468994,368.9875602722168,1.0026607513427734,europe-west1,500
1714060080.304931,yolov5n,6.jpg,0.749976634979248,766.2255764007568,1.5654172897338867,europe-west3,500
1714060081.1604197,yolov5n,6.jpg,0.5325009822845459,295.58253288269043,0.8541126251220703,europe-west9,500
1714060081.8629541,yolov5n,6.jpg,0.3094606399536133,345.57032585144043,0.701789379119873,europe-west2,500
1714060082.889841,yolov5n,6.jpg,0.5520169734954834,455.6734561920166,1.0262267589569092,europe-west1,500
1714060083.779045,yolov5n,6.jpg,0.44166088104248047,406.4497947692871,0.8885707855224609,europe-west9,500
1714060085.2126358,yolov5n,6.jpg,0.6510531902313232,727.3533344268799,1.4329335689544678,europe-west3,500
1714060086.0806868,yolov5n,6.jpg,0.43258094787597656,408.42413902282715,0.8673403263092041,europe-west2,500
1714060087.627449,yolov5n,6.jpg,0.6716623306274414,801.20849609375,1.5186164379119873,europe-west1,500
1714060089.2009137,yolov5n,6.jpg,0.5684349536895752,987.1940612792969,1.5727763175964355,europe-west3,500
1714060090.467497,yolov5n,6.jpg,0.5985639095306396,620.276689529419,1.2659494876861572,europe-west9,500
1714060091.6607492,yolov5n,6.jpg,0.4195582866668701,745.1026439666748,1.1925201416015625,europe-west2,500
1714060093.0279367,yolov5n,6.jpg,0.5443756580352783,773.6146450042725,1.3656258583068848,europe-west1,500
1714060094.0318265,yolov5n,6.jpg,0.30606865882873535,670.184850692749,1.0032131671905518,europe-west9,500
1714060095.693737,yolov5n,6.jpg,0.6948585510253906,909.4390869140625,1.6607239246368408,europe-west3,500
1714060096.872093,yolov5n,6.jpg,0.4426124095916748,715.7855033874512,1.1771535873413086,europe-west2,500
1714060098.1848726,yolov5n,6.jpg,0.6486163139343262,584.6493244171143,1.2791061401367188,europe-west1,500
1714060099.4273484,yolov5n,6.jpg,0.5768358707427979,616.3220405578613,1.2418005466461182,europe-west3,500
1714060100.5639427,yolov5n,6.jpg,0.7538871765136719,360.7149124145508,1.1358914375305176,europe-west9,500
1714060101.4398785,yolov5n,6.jpg,0.4595959186553955,345.21007537841797,0.8752450942993164,europe-west2,500
1714060102.3508046,yolov5n,6.jpg,0.42621803283691406,468.0962562561035,0.9100160598754883,europe-west1,500
1714060103.485768,yolov5n,6.jpg,0.6448004245758057,439.3806457519531,1.1343605518341064,europe-west9,500
1714060104.7705915,yolov5n,6.jpg,0.6359758377075195,620.0461387634277,1.2842206954956055,europe-west3,500
1714060105.7502959,yolov5n,6.jpg,0.49051666259765625,439.7399425506592,0.9790678024291992,europe-west2,500
1714060107.1177776,yolov5n,6.jpg,0.4696033000946045,845.369815826416,1.3400723934173584,europe-west1,500
1714060108.613967,yolov5n,6.jpg,0.5270304679870605,923.3324527740479,1.4950990676879883,europe-west3,500
1714060109.8113413,yolov5n,6.jpg,0.5716917514801025,590.402364730835,1.1967387199401855,europe-west9,500
1714060111.2738142,yolov5n,6.jpg,0.6893017292022705,722.6126194000244,1.461106538772583,europe-west2,500
1714060113.29901,yolov5n,6.jpg,1.2569334506988525,743.267297744751,2.0239546298980713,europe-west1,500
1714060114.5516558,yolov5n,6.jpg,0.5906915664672852,614.720344543457,1.25177001953125,europe-west9,500
1714060115.6971633,yolov5n,6.jpg,0.5370006561279297,562.3054504394531,1.1448068618774414,europe-west3,500
1714060116.9824984,yolov5n,6.jpg,0.5338914394378662,726.172924041748,1.2847263813018799,europe-west2,500
1714060118.1910079,yolov5n,6.jpg,0.7383778095245361,391.34716987609863,1.1790814399719238,europe-west1,500
1714060119.2932625,yolov5n,6.jpg,0.5494635105133057,530.2872657775879,1.1015727519989014,europe-west3,500
1714060120.1286967,yolov5n,6.jpg,0.4948587417602539,291.5177345275879,0.8346507549285889,europe-west9,500
1714060121.2821941,yolov5n,6.jpg,0.7477824687957764,379.43077087402344,1.152780532836914,europe-west2,500
1714060122.5539558,yolov5n,6.jpg,0.8149142265319824,412.442684173584,1.2711222171783447,europe-west1,500
1714060123.4908466,yolov5n,6.jpg,0.5989806652069092,305.0692081451416,0.936237096786499,europe-west9,500
1714060125.0709584,yolov5n,6.jpg,0.5884556770324707,938.4567737579346,1.5787980556488037,europe-west3,500
1714060126.3231978,yolov5n,6.jpg,0.6875381469726562,545.4380512237549,1.251331090927124,europe-west2,500
1714060127.6925502,yolov5n,6.jpg,0.5012822151184082,791.4352416992188,1.3401179313659668,europe-west1,500
1714060129.2784908,yolov5n,6.jpg,0.49730539321899414,1032.8278541564941,1.5849993228912354,europe-west3,500
1714060130.535546,yolov5n,6.jpg,0.5370743274688721,701.4374732971191,1.2561442852020264,europe-west9,500
1714060131.8050475,yolov5n,6.jpg,0.543189525604248,679.6996593475342,1.26885986328125,europe-west2,500
1714060133.0867882,yolov5n,6.jpg,0.4596998691558838,798.7449169158936,1.2810823917388916,europe-west1,500
1714060134.370952,yolov5n,6.jpg,0.548248291015625,687.8221035003662,1.2831072807312012,europe-west9,500
1714060135.6234062,yolov5n,6.jpg,0.6761474609375,552.314281463623,1.2517971992492676,europe-west3,500
1714060136.8007567,yolov5n,6.jpg,0.4148740768432617,710.4465961456299,1.1766204833984375,europe-west2,500
1714060137.809072,yolov5n,6.jpg,0.5717053413391113,391.6964530944824,0.9791369438171387,europe-west1,500
1714060139.088774,yolov5n,6.jpg,0.7149021625518799,521.942138671875,1.2784144878387451,europe-west3,500
1714060140.161771,yolov5n,6.jpg,0.7473819255828857,303.4403324127197,1.0722887516021729,europe-west9,500
1714060141.2285717,yolov5n,6.jpg,0.5760719776153564,439.6369457244873,1.0661559104919434,europe-west2,500
1714060142.6648803,yolov5n,6.jpg,1.0271673202514648,389.7976875305176,1.4356114864349365,europe-west1,500
1714060143.608682,yolov5n,6.jpg,0.4844510555267334,418.3084964752197,0.9431107044219971,europe-west9,500
1714060145.1570966,yolov5n,6.jpg,0.5807883739471436,903.7747383117676,1.547720193862915,europe-west3,500
1714060146.3428996,yolov5n,6.jpg,0.7109293937683105,447.9517936706543,1.1847453117370605,europe-west2,500
1714060147.4034212,yolov5n,6.jpg,0.5298590660095215,440.69814682006836,1.0205492973327637,europe-west1,500
1714060148.808779,yolov5n,6.jpg,0.7637779712677002,623.6398220062256,1.404561996459961,europe-west3,500
1714060149.8167334,yolov5n,6.jpg,0.6857552528381348,277.1003246307373,1.0072720050811768,europe-west9,500
1714060150.9419553,yolov5n,6.jpg,0.7076189517974854,395.70093154907227,1.1244926452636719,europe-west2,500
1714060152.2788293,yolov5n,6.jpg,0.5279176235198975,756.9475173950195,1.3361866474151611,europe-west1,500
1714060153.3713188,yolov5n,6.jpg,0.6386685371398926,427.6010990142822,1.091620922088623,europe-west9,500
1714060154.8454313,yolov5n,6.jpg,0.5770595073699951,845.7181453704834,1.473078727722168,europe-west3,500
1714060155.7772944,yolov5n,6.jpg,0.44970035552978516,453.3867835998535,0.9309852123260498,europe-west2,500
1714060157.0341613,yolov5n,6.jpg,0.3762178421020508,807.3642253875732,1.226344347000122,europe-west1,500
1714060158.7443569,yolov5n,6.jpg,0.8248474597930908,829.5249938964844,1.7095444202423096,europe-west3,500
1714060160.1346114,yolov5n,6.jpg,0.7048487663269043,667.680025100708,1.3891174793243408,europe-west9,500
1714060161.663169,yolov5n,6.jpg,0.7919187545776367,685.448408126831,1.5277254581451416,europe-west2,500
1714060162.8420012,yolov5n,6.jpg,0.7115776538848877,444.54407691955566,1.1780121326446533,europe-west1,500
1714060164.0653844,yolov5n,6.jpg,0.43033432960510254,745.9018230438232,1.2226662635803223,europe-west9,500
1714060165.7400546,yolov5n,6.jpg,0.6174395084381104,1034.7938537597656,1.6740221977233887,europe-west3,500
1714060167.0884147,yolov5n,6.jpg,0.5977418422698975,705.8241367340088,1.3476648330688477,europe-west2,500
1714060168.2371573,yolov5n,6.jpg,0.6146068572998047,482.58137702941895,1.1213996410369873,europe-west1,500
1714060169.6200202,yolov5n,6.jpg,0.8737332820892334,464.0660285949707,1.381911277770996,europe-west3,500
1714060170.531953,yolov5n,6.jpg,0.6217944622039795,268.64075660705566,0.9111969470977783,europe-west9,500
1714060171.3335557,yolov5n,6.jpg,0.36733508110046387,375.3175735473633,0.8009810447692871,europe-west2,500
1714060172.8973346,yolov5n,6.jpg,0.7694177627563477,776.4031887054443,1.5628612041473389,europe-west1,500
1714060174.0222485,yolov5n,6.jpg,0.6881473064422607,385.9083652496338,1.1241893768310547,europe-west9,500
1714060175.1754732,yolov5n,6.jpg,0.5104105472564697,587.8753662109375,1.1522789001464844,europe-west3,500
1714060176.2004094,yolov5n,6.jpg,0.5655739307403564,432.1479797363281,1.0242090225219727,europe-west2,500
1714060177.465171,yolov5n,6.jpg,0.4021141529083252,777.9736518859863,1.236330509185791,europe-west1,500
1714060179.3738568,yolov5n,6.jpg,1.0020995140075684,880.0938129425049,1.9079530239105225,europe-west3,500
1714060180.884242,yolov5n,6.jpg,0.817028284072876,650.7680416107178,1.5097486972808838,europe-west9,500
1714060182.3072805,yolov5n,6.jpg,0.6487195491790771,751.9197463989258,1.4223899841308594,europe-west2,500
1714060183.2493937,yolov5n,6.jpg,0.4877173900604248,410.64953804016113,0.9414055347442627,europe-west1,500
1714060184.3993115,yolov5n,6.jpg,0.36057567596435547,765.8474445343018,1.1492743492126465,europe-west9,500
1714060186.1512632,yolov5n,6.jpg,0.6709542274475098,1034.3315601348877,1.75126051902771,europe-west3,500
1714060187.5095406,yolov5n,6.jpg,0.6468150615692139,690.5677318572998,1.3575525283813477,europe-west2,500
1714060188.9221158,yolov5n,6.jpg,0.8906881809234619,443.5563087463379,1.3774535655975342,europe-west1,500
1714060190.4101977,yolov5n,6.jpg,0.8562471866607666,586.2123966217041,1.4873435497283936,europe-west3,500
1714060191.2818894,yolov5n,6.jpg,0.5725719928741455,272.31287956237793,0.8709678649902344,europe-west9,500
1714060192.1231182,yolov5n,6.jpg,0.36916422843933105,424.0860939025879,0.8400819301605225,europe-west2,500
1714060193.3910549,yolov5n,6.jpg,0.8643655776977539,387.9866600036621,1.2672114372253418,europe-west1,500
1714060194.4675949,yolov5n,6.jpg,0.6479184627532959,380.97548484802246,1.0758345127105713,europe-west9,500
1714060195.7867136,yolov5n,6.jpg,0.753809928894043,547.4903583526611,1.3184702396392822,europe-west3,500
1714060196.7955468,yolov5n,6.jpg,0.5381393432617188,418.1101322174072,1.008185863494873,europe-west2,500
1714060198.3698668,yolov5n,6.jpg,0.646775484085083,870.4111576080322,1.5465269088745117,europe-west1,500
1714060200.1681645,yolov5n,6.jpg,0.7994139194488525,946.5434551239014,1.7966179847717285,europe-west3,500
1714060201.5663555,yolov5n,6.jpg,0.7364749908447266,642.3215866088867,1.3974711894989014,europe-west9,500
1714060202.811352,yolov5n,6.jpg,0.4320216178894043,767.4381732940674,1.244065284729004,europe-west2,500
1714060204.2550538,yolov5n,6.jpg,0.5942244529724121,796.5013980865479,1.4429302215576172,europe-west1,500
1714060205.721712,yolov5n,6.jpg,0.8047072887420654,638.9625072479248,1.4657578468322754,europe-west9,500
1714060207.6682591,yolov5n,6.jpg,0.9311056137084961,963.6547565460205,1.9458489418029785,europe-west3,500
1714060209.0242858,yolov5n,6.jpg,0.5876257419586182,740.3337955474854,1.3552563190460205,europe-west2,500
1714060210.3917835,yolov5n,6.jpg,0.8561434745788574,436.1236095428467,1.3389177322387695,europe-west1,500
1714060211.8969011,yolov5n,6.jpg,0.6651060581207275,821.43235206604,1.504331350326538,europe-west3,500
1714060212.9778936,yolov5n,6.jpg,0.7537684440612793,280.9784412384033,1.0803484916687012,europe-west9,500
1714060214.0105195,yolov5n,6.jpg,0.582709550857544,427.22201347351074,1.0319113731384277,europe-west2,500
1714060215.112362,yolov5n,6.jpg,0.6631448268890381,392.8947448730469,1.1009244918823242,europe-west1,500
1714060216.0446384,yolov5n,6.jpg,0.6218924522399902,289.2425060272217,0.931488037109375,europe-west9,500
1714060217.4859676,yolov5n,6.jpg,0.4257650375366211,967.7700996398926,1.4406893253326416,europe-west3,500
1714060218.2406182,yolov5n,6.jpg,0.31264209747314453,423.30288887023926,0.7538409233093262,europe-west2,500
1714060219.7169483,yolov5n,6.jpg,0.5923101902008057,813.0607604980469,1.4475305080413818,europe-west1,500
1714060221.4143214,yolov5n,6.jpg,0.7173311710357666,933.0971240997314,1.6967153549194336,europe-west3,500
1714060222.6920931,yolov5n,6.jpg,0.6604058742523193,599.5960235595703,1.277024507522583,europe-west9,500
1714060223.9461992,yolov5n,6.jpg,0.3723611831665039,819.6420669555664,1.2532198429107666,europe-west2,500
1714060225.5450206,yolov5n,6.jpg,0.8035385608673096,774.0187644958496,1.5980145931243896,europe-west1,500
1714060226.9399908,yolov5n,6.jpg,0.6812703609466553,656.7156314849854,1.3942904472351074,europe-west9,500
1714060228.2071922,yolov5n,6.jpg,0.5999689102172852,649.4908332824707,1.2664499282836914,europe-west3,500
1714060229.7519515,yolov5n,6.jpg,0.7760412693023682,719.4302082061768,1.5441060066223145,europe-west2,500
1714060231.321239,yolov5n,6.jpg,0.7613644599914551,761.1186504364014,1.5403556823730469,europe-west1,500
1714060233.1438076,yolov5n,6.jpg,0.9078347682952881,868.4525489807129,1.8218531608581543,europe-west3,500
1714060234.4547038,yolov5n,6.jpg,0.6314563751220703,660.4115962982178,1.3101894855499268,europe-west9,500
1714060235.6909053,yolov5n,6.jpg,0.5017335414886475,687.1151924133301,1.2354636192321777,europe-west2,500
1714060236.854788,yolov5n,6.jpg,0.6991815567016602,412.3702049255371,1.1631488800048828,europe-west1,500
1714060238.030302,yolov5n,6.jpg,0.4189176559448242,734.9004745483398,1.1746482849121094,europe-west9,500
1714060239.672914,yolov5n,6.jpg,0.6910984516143799,895.7078456878662,1.6419427394866943,europe-west3,500
1714060240.8877497,yolov5n,6.jpg,0.450894832611084,745.6085681915283,1.2140328884124756,europe-west2,500
1714060242.0230172,yolov5n,6.jpg,0.6832621097564697,376.4963150024414,1.1073808670043945,europe-west1,500
1714060243.1411607,yolov5n,6.jpg,0.6102073192596436,489.08352851867676,1.1174652576446533,europe-west3,500
1714060244.2322714,yolov5n,6.jpg,0.6952266693115234,350.07786750793457,1.0903899669647217,europe-west9,500
1714060245.1361723,yolov5n,6.jpg,0.49150800704956055,385.1146697998047,0.9032101631164551,europe-west2,500
1714060246.353488,yolov5n,6.jpg,0.402820348739624,766.5858268737793,1.2166523933410645,europe-west1,500
1714060247.3023872,yolov5n,6.jpg,0.5787146091461182,348.28639030456543,0.9481730461120605,europe-west9,500
1714060248.765137,yolov5n,6.jpg,0.9136128425598145,501.19519233703613,1.4620726108551025,europe-west3,500
1714060250.1528776,yolov5n,6.jpg,0.6243202686309814,737.5123500823975,1.3869884014129639,europe-west2,500
1714060251.5970516,yolov5n,6.jpg,0.611353874206543,743.706226348877,1.4154162406921387,europe-west1,500
1714060253.0510867,yolov5n,6.jpg,0.4603540897369385,940.2849674224854,1.4531347751617432,europe-west3,500
1714060254.4400105,yolov5n,6.jpg,0.5999922752380371,768.6378955841064,1.3881733417510986,europe-west9,500
1714060256.0443876,yolov5n,6.jpg,0.7600812911987305,788.4275913238525,1.6036376953125,europe-west2,500
1714060257.2581031,yolov5n,6.jpg,0.8158552646636963,374.1922378540039,1.2128252983093262,europe-west1,500
1714060258.5915217,yolov5n,6.jpg,0.6200933456420898,656.28981590271,1.3327062129974365,europe-west9,500
1714060260.0741327,yolov5n,6.jpg,0.5990622043609619,862.0784282684326,1.4818987846374512,europe-west3,500
1714060261.4444487,yolov5n,6.jpg,0.5429484844207764,780.8198928833008,1.369530439376831,europe-west2,500
1714060262.6359146,yolov5n,6.jpg,0.7128715515136719,428.88545989990234,1.1635591983795166,europe-west1,500
1714060263.8640993,yolov5n,6.jpg,0.6177992820739746,552.5109767913818,1.227116584777832,europe-west3,500
1714060264.78158,yolov5n,6.jpg,0.5638177394866943,324.04375076293945,0.9166619777679443,europe-west9,500
1714060265.74977,yolov5n,6.jpg,0.498523473739624,427.72769927978516,0.9666852951049805,europe-west2,500
1714060267.1545343,yolov5n,6.jpg,0.5982773303985596,761.030912399292,1.4041328430175781,europe-west1,500
1714060268.1975884,yolov5n,6.jpg,0.5757434368133545,441.87474250793457,1.042362928390503,europe-west9,500
1714060269.4084558,yolov5n,6.jpg,0.5400185585021973,614.5353317260742,1.210038423538208,europe-west3,500
1714060270.2899415,yolov5n,6.jpg,0.4368751049041748,416.6998863220215,0.8802251815795898,europe-west2,500
1714060272.0480456,yolov5n,6.jpg,0.9024364948272705,767.3289775848389,1.7191917896270752,europe-west1,500
1714060273.369469,yolov5n,6.jpg,0.4012715816497803,897.5684642791748,1.3207588195800781,europe-west3,500
1714060274.5374136,yolov5n,6.jpg,0.4656031131744385,645.4586982727051,1.167238712310791,europe-west9,500
1714060276.0213223,yolov5n,6.jpg,0.5001373291015625,952.9407024383545,1.4829645156860352,europe-west2,500
1714060277.3829792,yolov5n,6.jpg,0.5912399291992188,720.8576202392578,1.3599350452423096,europe-west1,500
1714060278.6537707,yolov5n,6.jpg,0.6156327724456787,634.9401473999023,1.2699730396270752,europe-west9,500
1714060280.294044,yolov5n,6.jpg,0.5276997089385986,1066.9691562652588,1.639359712600708,europe-west3,500
1714060281.5446517,yolov5n,6.jpg,0.49033045768737793,706.6881656646729,1.249861240386963,europe-west2,500
1714060282.6546154,yolov5n,6.jpg,0.6394829750061035,420.90821266174316,1.0790796279907227,europe-west1,500
1714060283.9127102,yolov5n,6.jpg,0.7321453094482422,477.583646774292,1.2570669651031494,europe-west3,500
1714060284.8818183,yolov5n,6.jpg,0.5720856189727783,374.1786479949951,0.9683473110198975,europe-west9,500
1714060285.8956015,yolov5n,6.jpg,0.44471287727355957,523.4296321868896,1.0131044387817383,europe-west2,500
1714060287.082375,yolov5n,6.jpg,0.74595046043396,421.6742515563965,1.1860287189483643,europe-west1,500
1714060288.0939837,yolov5n,6.jpg,0.6457817554473877,318.71962547302246,1.0108482837677002,europe-west9,500
1714060289.291447,yolov5n,6.jpg,0.6748554706573486,504.03618812561035,1.1966962814331055,europe-west3,500
1714060290.4286487,yolov5n,6.jpg,0.6940243244171143,397.97377586364746,1.136491060256958,europe-west2,500
1714060291.7549527,yolov5n,6.jpg,0.48202991485595703,795.6764698028564,1.2954177856445312,europe-west1,500
1714060293.3841846,yolov5n,6.jpg,0.623626708984375,959.7663879394531,1.6284706592559814,europe-west3,500
1714060294.4931517,yolov5n,6.jpg,0.38683199882507324,703.9189338684082,1.1081981658935547,europe-west9,500
1714060295.9719577,yolov5n,6.jpg,0.6915163993835449,742.4869537353516,1.478078842163086,europe-west2,500
1714060297.370191,yolov5n,6.jpg,0.5368711948394775,812.3838901519775,1.3974883556365967,europe-west1,500
1714060298.7732313,yolov5n,6.jpg,0.5649385452270508,813.6019706726074,1.4022507667541504,europe-west9,500
1714060300.7925508,yolov5n,6.jpg,1.105013370513916,863.156795501709,2.0186209678649902,europe-west3,500
1714060302.023122,yolov5n,6.jpg,0.4563283920288086,745.1062202453613,1.2296950817108154,europe-west2,500
1714060303.3028975,yolov5n,6.jpg,0.7418558597564697,456.34984970092773,1.2481498718261719,europe-west1,500
1714060304.5240421,yolov5n,6.jpg,0.6017630100250244,585.1049423217773,1.2201511859893799,europe-west3,500
1714060305.4987266,yolov5n,6.jpg,0.6465089321136475,282.00745582580566,0.9731249809265137,europe-west9,500
1714060306.5420663,yolov5n,6.jpg,0.6022577285766602,410.80594062805176,1.0426406860351562,europe-west2,500
1714060307.8311503,yolov5n,6.jpg,0.7846150398254395,457.9615592956543,1.2883477210998535,europe-west1,500
1714060308.8916004,yolov5n,6.jpg,0.6845517158508301,356.9958209991455,1.0596625804901123,europe-west9,500
1714060310.1286845,yolov5n,6.jpg,0.6626596450805664,528.8233757019043,1.2363288402557373,europe-west3,500
1714060311.2199097,yolov5n,6.jpg,0.6466858386993408,382.3714256286621,1.0904133319854736,europe-west2,500
1714060312.5355191,yolov5n,6.jpg,0.49090051651000977,774.8887538909912,1.2828476428985596,europe-west1,500
1714060314.1771743,yolov5n,6.jpg,0.6791019439697266,911.1158847808838,1.6409032344818115,europe-west3,500
1714060315.4511645,yolov5n,6.jpg,0.6152403354644775,633.1493854522705,1.2731587886810303,europe-west9,500
1714060316.6705883,yolov5n,6.jpg,0.41857361793518066,745.3877925872803,1.2178945541381836,europe-west2,500
1714060318.045393,yolov5n,6.jpg,0.605705976486206,750.4410743713379,1.374086856842041,europe-west1,500
1714060319.2914662,yolov5n,6.jpg,0.540820837020874,648.5147476196289,1.2453482151031494,europe-west9,500
1714060320.6627774,yolov5n,6.jpg,0.8135130405426025,532.0889949798584,1.3704378604888916,europe-west3,500
1714060321.9830217,yolov5n,6.jpg,0.6016788482666016,671.471357345581,1.3194537162780762,europe-west2,500
1714060323.1410537,yolov5n,6.jpg,0.7211101055145264,381.7410469055176,1.1210780143737793,europe-west1,500
1714060324.4009204,yolov5n,6.jpg,0.746405839920044,467.73481369018555,1.2589998245239258,europe-west3,500
1714060325.3165429,yolov5n,6.jpg,0.511061429977417,380.8267116546631,0.9148135185241699,europe-west9,500
1714060326.3507376,yolov5n,6.jpg,0.5927770137786865,396.03638648986816,1.0328795909881592,europe-west2,500
1714060327.5088933,yolov5n,6.jpg,0.6658799648284912,444.8256492614746,1.1573669910430908,europe-west1,500
1714060328.605454,yolov5n,6.jpg,0.7031385898590088,371.2742328643799,1.095820426940918,europe-west9,500
1714060330.4702966,yolov5n,6.jpg,0.9942629337310791,822.441577911377,1.864194393157959,europe-west3,500
1714060331.4151042,yolov5n,6.jpg,0.4798300266265869,441.0831928253174,0.944035530090332,europe-west2,500
1714060332.655441,yolov5n,6.jpg,0.7094395160675049,451.4737129211426,1.2102208137512207,europe-west1,500
1714060334.0938587,yolov5n,6.jpg,0.8657846450805664,553.7092685699463,1.4375133514404297,europe-west3,500
1714060335.012804,yolov5n,6.jpg,0.5578138828277588,313.4305477142334,0.9182226657867432,europe-west9,500
1714060336.1068347,yolov5n,6.jpg,0.6711468696594238,401.31425857543945,1.0932321548461914,europe-west2,500
1714060337.449396,yolov5n,6.jpg,0.5056354999542236,791.3339138031006,1.341799259185791,europe-west1,500
1714060338.6554477,yolov5n,6.jpg,0.7579905986785889,429.77046966552734,1.2052278518676758,europe-west9,500
1714060340.1123447,yolov5n,6.jpg,0.5149142742156982,888.5354995727539,1.456242561340332,europe-west3,500
1714060341.0643945,yolov5n,6.jpg,0.4963994026184082,404.23011779785156,0.9512245655059814,europe-west2,500
1714060342.3397622,yolov5n,6.jpg,0.41878581047058105,790.607213973999,1.2347114086151123,europe-west1,500
1714060343.6877718,yolov5n,6.jpg,0.4172821044921875,879.9936771392822,1.3472051620483398,europe-west3,500
1714060344.8181708,yolov5n,6.jpg,0.4586467742919922,648.6532688140869,1.1295218467712402,europe-west9,500
1714060346.1717186,yolov5n,6.jpg,0.5013744831085205,799.1311550140381,1.3527169227600098,europe-west2,500
1714060347.1902916,yolov5n,6.jpg,0.5656070709228516,424.76773262023926,1.0177490711212158,europe-west1,500
1714060348.4381967,yolov5n,6.jpg,0.5652279853820801,633.2974433898926,1.247072696685791,europe-west9,500
1714060349.6812491,yolov5n,6.jpg,0.6654753684997559,555.2487373352051,1.2423129081726074,europe-west3,500
1714060350.9877522,yolov5n,6.jpg,0.513831615447998,743.4391975402832,1.3055903911590576,europe-west2,500
1714060352.4925182,yolov5n,6.jpg,0.660273551940918,784.0478420257568,1.466278314590454,europe-west1,500
1714060354.2106678,yolov5n,6.jpg,0.7337279319763184,938.9307498931885,1.7172191143035889,europe-west3,500
1714060355.410107,yolov5n,6.jpg,0.5264382362365723,622.1566200256348,1.19869065284729,europe-west9,500
1714060356.695582,yolov5n,6.jpg,0.3754444122314453,892.0156955718994,1.2848074436187744,europe-west2,500
1714060357.9695852,yolov5n,6.jpg,0.47966599464416504,736.626148223877,1.273339033126831,europe-west1,500
1714060359.2971816,yolov5n,6.jpg,0.5500073432922363,750.3612041473389,1.3266332149505615,europe-west9,500
1714060360.578734,yolov5n,6.jpg,0.7188115119934082,516.6137218475342,1.2807791233062744,europe-west3,500
1714060362.26266,yolov5n,6.jpg,0.806445837020874,855.8123111724854,1.6832082271575928,europe-west2,500
1714060363.4621518,yolov5n,6.jpg,0.7085628509521484,411.97919845581055,1.1689045429229736,europe-west1,500
1714060364.5813618,yolov5n,6.jpg,0.5340714454650879,558.0472946166992,1.1178982257843018,europe-west3,500
1714060365.8574038,yolov5n,6.jpg,0.9141559600830078,302.7634620666504,1.2745285034179688,europe-west9,500
1714060366.9358747,yolov5n,6.jpg,0.7136280536651611,345.69859504699707,1.07696533203125,europe-west2,500
1714060367.988339,yolov5n,6.jpg,0.616783618927002,384.5257759094238,1.0517940521240234,europe-west1,500
1714060369.046166,yolov5n,6.jpg,0.7121999263763428,314.6207332611084,1.0567278861999512,europe-west9,500
1714060370.483044,yolov5n,6.jpg,0.5181889533996582,870.1577186584473,1.4361732006072998,europe-west3,500
1714060371.5356038,yolov5n,6.jpg,0.5764853954315186,422.8699207305908,1.0515153408050537,europe-west2,500
1714060372.6493168,yolov5n,6.jpg,0.6315839290618896,435.96911430358887,1.0850486755371094,europe-west1,500
1714060374.1088047,yolov5n,6.jpg,0.8533298969268799,549.1743087768555,1.4582314491271973,europe-west3,500
1714060374.958514,yolov5n,6.jpg,0.5374596118927002,286.9753837585449,0.8487324714660645,europe-west9,500
1714060376.1805344,yolov5n,6.jpg,0.727144718170166,444.3948268890381,1.2213211059570312,europe-west2,500
1714060377.2129798,yolov5n,6.jpg,0.604229211807251,405.64846992492676,1.0317554473876953,europe-west1,500
1714060378.2177532,yolov5n,6.jpg,0.5887393951416016,363.9636039733887,1.003875970840454,europe-west9,500
1714060379.6638114,yolov5n,6.jpg,0.9260828495025635,500.5674362182617,1.445340871810913,europe-west3,500
1714060380.5690665,yolov5n,6.jpg,0.4947493076324463,359.53664779663086,0.9044618606567383,europe-west2,500
1714060382.01885,yolov5n,6.jpg,0.6480801105499268,745.474100112915,1.4189541339874268,europe-west1,500
1714060383.4173753,yolov5n,6.jpg,0.44251394271850586,906.9302082061768,1.3976960182189941,europe-west3,500
1714060384.630037,yolov5n,6.jpg,0.5571370124816895,603.1205654144287,1.2116565704345703,europe-west9,500
1714060385.8141613,yolov5n,6.jpg,0.43587398529052734,717.1118259429932,1.1827352046966553,europe-west2,500
1714060387.1249232,yolov5n,6.jpg,0.4820373058319092,777.1313190460205,1.309903860092163,europe-west1,500
1714060388.3723004,yolov5n,6.jpg,0.6111814975738525,602.5791168212891,1.2466340065002441,europe-west9,500
1714060390.092611,yolov5n,6.jpg,0.6052258014678955,1062.5386238098145,1.7188079357147217,europe-west3,500
1714060391.7784228,yolov5n,6.jpg,0.8609356880187988,800.0783920288086,1.6850390434265137,europe-west2,500
1714060392.852123,yolov5n,6.jpg,0.5987112522125244,401.8893241882324,1.0448966026306152,europe-west1,500
1714060394.0043776,yolov5n,6.jpg,0.5791678428649902,554.267168045044,1.151348352432251,europe-west3,500
1714060394.98172,yolov5n,6.jpg,0.6200792789459229,297.2409725189209,0.9766006469726562,europe-west9,500
1714060395.9963126,yolov5n,6.jpg,0.569965124130249,417.54961013793945,1.0138304233551025,europe-west2,500
1714060397.497492,yolov5n,6.jpg,0.6586403846740723,797.9001998901367,1.500347375869751,europe-west1,500
1714060398.445806,yolov5n,6.jpg,0.6224443912506104,302.9656410217285,0.9475207328796387,europe-west9,500
1714060399.7124293,yolov5n,6.jpg,0.7514317035675049,468.86348724365234,1.2659587860107422,europe-west3,500
1714060400.9378006,yolov5n,6.jpg,0.7628800868988037,407.54079818725586,1.2244200706481934,europe-west2,500
1714060402.6831667,yolov5n,6.jpg,0.8447532653808594,850.4781723022461,1.7147436141967773,europe-west1,500
1714060404.260479,yolov5n,6.jpg,0.5647456645965576,962.9621505737305,1.576164960861206,europe-west3,500
1714060405.5792859,yolov5n,6.jpg,0.6510286331176758,643.864631652832,1.3180527687072754,europe-west9,500
1714060406.9087052,yolov5n,6.jpg,0.5281414985656738,745.3429698944092,1.3286261558532715,europe-west2,500
1714060408.0899389,yolov5n,6.jpg,0.7370190620422363,413.0079746246338,1.1797170639038086,europe-west1,500
1714060409.1875906,yolov5n,6.jpg,0.4172821044921875,626.4638900756836,1.0960981845855713,europe-west9,500
1714060410.8859587,yolov5n,6.jpg,0.7139227390289307,964.6358489990234,1.6975724697113037,europe-west3,500
1714060412.0785487,yolov5n,6.jpg,0.3836822509765625,757.7416896820068,1.1917767524719238,europe-west2,500
1714060412.933141,yolov5n,6.jpg,0.4040679931640625,384.25421714782715,0.8145649433135986,europe-west1,500
1714060414.410613,yolov5n,6.jpg,0.8761196136474609,559.6253871917725,1.4765989780426025,europe-west3,500
1714060415.5298626,yolov5n,6.jpg,0.7964792251586914,276.4275074005127,1.1184983253479004,europe-west9,500
1714060416.427832,yolov5n,6.jpg,0.4811842441558838,385.64133644104004,0.8972485065460205,europe-west2,500
1714060417.5694675,yolov5n,6.jpg,0.6273713111877441,455.63340187072754,1.1401665210723877,europe-west1,500
1714060418.449177,yolov5n,6.jpg,0.5191395282745361,338.970422744751,0.878471851348877,europe-west9,500
1714060419.6583526,yolov5n,6.jpg,0.6052992343902588,554.9290180206299,1.2082674503326416,europe-west3,500
1714060420.3688822,yolov5n,6.jpg,0.34656763076782227,337.92829513549805,0.7096507549285889,europe-west2,500
1714060421.6863277,yolov5n,6.jpg,0.4297301769256592,802.2294044494629,1.2897582054138184,europe-west1,500
1714060423.1377132,yolov5n,6.jpg,0.47974562644958496,946.5715885162354,1.450352430343628,europe-west3,500
1714060424.2283995,yolov5n,6.jpg,0.38053035736083984,663.9132499694824,1.089928388595581,europe-west9,500
1714060425.642324,yolov5n,6.jpg,0.6695489883422852,715.9411907196045,1.4132554531097412,europe-west2,500
1714060427.196766,yolov5n,6.jpg,0.7273464202880859,763.7724876403809,1.5512769222259521,europe-west1,500
1714060428.4673119,yolov5n,6.jpg,0.6379270553588867,604.8264503479004,1.267909049987793,europe-west9,500
1714060429.9368327,yolov5n,6.jpg,0.5943553447723389,830.6999206542969,1.468616008758545,europe-west3,500
1714060431.1874197,yolov5n,6.jpg,0.43540287017822266,764.1341686248779,1.2499070167541504,europe-west2,500
1714060432.472755,yolov5n,6.jpg,0.7742941379547119,458.59718322753906,1.2511060237884521,europe-west1,500
1714060433.6810813,yolov5n,6.jpg,0.6143255233764648,536.048173904419,1.2075920104980469,europe-west3,500
1714060434.450463,yolov5n,6.jpg,0.424973726272583,315.5243396759033,0.7682080268859863,europe-west9,500
1714060435.323633,yolov5n,6.jpg,0.45735931396484375,367.8262233734131,0.8722436428070068,europe-west2,500
1714060436.4375935,yolov5n,6.jpg,0.703416109085083,389.05906677246094,1.1133053302764893,europe-west1,500
1714060437.6032963,yolov5n,6.jpg,0.746070384979248,368.865966796875,1.1650118827819824,europe-west9,500
1714060438.6449234,yolov5n,6.jpg,0.5070273876190186,510.52260398864746,1.0407721996307373,europe-west3,500
1714060439.5759153,yolov5n,6.jpg,0.5200803279876709,361.83929443359375,0.9302716255187988,europe-west2,500
1714060441.2291315,yolov5n,6.jpg,0.8694851398468018,724.738597869873,1.6233396530151367,europe-west1,500
1714060442.9957755,yolov5n,6.jpg,0.8261661529541016,890.8548355102539,1.7657241821289062,europe-west3,500
1714060444.4073997,yolov5n,6.jpg,0.6786010265350342,681.1425685882568,1.4105150699615479,europe-west9,500
1714060445.6472125,yolov5n,6.jpg,0.4471278190612793,772.2573280334473,1.2388646602630615,europe-west2,500
1714060446.9804502,yolov5n,6.jpg,0.6021826267242432,680.5977821350098,1.3323254585266113,europe-west1,500
1714060448.2407188,yolov5n,6.jpg,0.6242051124572754,615.0805950164795,1.2595162391662598,europe-west9,500
1714060449.5787356,yolov5n,6.jpg,0.5177373886108398,778.1293392181396,1.3372328281402588,europe-west3,500
1714060450.7917442,yolov5n,6.jpg,0.46270012855529785,727.6527881622314,1.21229887008667,europe-west2,500
1714060451.937224,yolov5n,6.jpg,0.6524698734283447,397.064208984375,1.1121037006378174,europe-west1,500
1714060453.3017042,yolov5n,6.jpg,0.7695655822753906,572.2043514251709,1.3636391162872314,europe-west3,500
1714060454.209871,yolov5n,6.jpg,0.5683820247650146,287.2474193572998,0.9074184894561768,europe-west9,500
1714060455.0768116,yolov5n,6.jpg,0.421039342880249,414.9925708770752,0.8660211563110352,europe-west2,500
1714060456.3134484,yolov5n,6.jpg,0.7798125743865967,415.95005989074707,1.2359085083007812,europe-west1,500
1714060457.4038281,yolov5n,6.jpg,0.737617015838623,295.21727561950684,1.089684009552002,europe-west9,500
1714060458.8370245,yolov5n,6.jpg,0.5564775466918945,853.4348011016846,1.432340383529663,europe-west3,500
1714060459.7962303,yolov5n,6.jpg,0.522803544998169,379.34041023254395,0.9584321975708008,europe-west2,500
1714060461.1031725,yolov5n,6.jpg,0.5069622993469238,749.9270439147949,1.2764921188354492,europe-west1,500
1714060462.7504644,yolov5n,6.jpg,0.5790534019470215,1019.7298526763916,1.6465198993682861,europe-west3,500
1714060463.844614,yolov5n,6.jpg,0.42382121086120605,648.3035087585449,1.0934631824493408,europe-west9,500
1714060465.2359252,yolov5n,6.jpg,0.5764985084533691,767.3304080963135,1.3901312351226807,europe-west2,500
1714060466.5045962,yolov5n,6.jpg,0.47419071197509766,770.4102993011475,1.267702341079712,europe-west1,500
1714060467.9468925,yolov5n,6.jpg,0.7759890556335449,614.5191192626953,1.4415340423583984,europe-west9,500
1714060469.075629,yolov5n,6.jpg,0.6357872486114502,469.8812961578369,1.1279444694519043,europe-west3,500
1714060470.3780086,yolov5n,6.jpg,0.49974989891052246,750.3039836883545,1.3017113208770752,europe-west2,500
1714060471.6346047,yolov5n,6.jpg,0.4428250789642334,756.9446563720703,1.2174558639526367,europe-west1,500
1714060473.600838,yolov5n,6.jpg,1.0120394229888916,890.5394077301025,1.9654207229614258,europe-west3,500
1714060474.8036032,yolov5n,6.jpg,0.5494234561920166,605.4234504699707,1.2014501094818115,europe-west9,500
1714060476.2481937,yolov5n,6.jpg,0.6246826648712158,796.5757846832275,1.4439067840576172,europe-west2,500
1714060477.3523962,yolov5n,6.jpg,0.6050646305084229,449.31483268737793,1.103473424911499,europe-west1,500
1714060478.594754,yolov5n,6.jpg,0.5570840835571289,665.9958362579346,1.241356611251831,europe-west9,500
1714060480.284247,yolov5n,6.jpg,0.7206966876983643,923.8011837005615,1.688809871673584,europe-west3,500
1714060481.5346808,yolov5n,6.jpg,0.47555088996887207,752.3727416992188,1.2497265338897705,europe-west2,500
1714060482.8055944,yolov5n,6.jpg,0.7454736232757568,448.3532905578613,1.2427380084991455,europe-west1,500
1714060484.2128925,yolov5n,6.jpg,0.7690093517303467,611.4256381988525,1.4066095352172852,europe-west3,500
1714060485.1241982,yolov5n,6.jpg,0.5764729976654053,287.3342037200928,0.9105873107910156,europe-west9,500
1714060485.9005966,yolov5n,6.jpg,0.27022695541381836,486.1299991607666,0.7756078243255615,europe-west2,500
1714060487.2205496,yolov5n,6.jpg,0.4489095211029053,826.7004489898682,1.3191068172454834,europe-west1,500
1714060488.4446867,yolov5n,6.jpg,0.6793296337127686,500.82969665527344,1.2230439186096191,europe-west9,500
1714060489.704993,yolov5n,6.jpg,0.7757415771484375,459.58614349365234,1.259612798690796,europe-west3,500
1714060490.7488441,yolov5n,6.jpg,0.5924975872039795,404.8774242401123,1.043064832687378,europe-west2,500
1714060492.0442824,yolov5n,6.jpg,0.4923703670501709,755.9814453125,1.2661304473876953,europe-west1,500
1714060493.4585536,yolov5n,6.jpg,0.41416358947753906,948.9665031433105,1.4134886264801025,europe-west3,500
1714060494.7006974,yolov5n,6.jpg,0.4844217300415039,732.5468063354492,1.2412850856781006,europe-west9,500
1714060495.990819,yolov5n,6.jpg,0.4391355514526367,800.6381988525391,1.289344072341919,europe-west2,500
1714060497.2551258,yolov5n,6.jpg,0.8135895729064941,426.59783363342285,1.2629549503326416,europe-west1,500
1714060498.54331,yolov5n,6.jpg,0.5859017372131348,659.5649719238281,1.2875118255615234,europe-west9,500
1714060500.1286688,yolov5n,6.jpg,0.6835260391235352,879.6186447143555,1.5844342708587646,europe-west3,500
1714060501.42005,yolov5n,6.jpg,0.49094319343566895,753.6044120788574,1.29032564163208,europe-west2,500
1714060502.6890671,yolov5n,6.jpg,0.7701072692871094,444.2017078399658,1.2364485263824463,europe-west1,500
1714060504.026927,yolov5n,6.jpg,0.779355525970459,508.6071491241455,1.3367269039154053,europe-west3,500
1714060505.2135775,yolov5n,6.jpg,0.7814366817474365,354.13146018981934,1.1857926845550537,europe-west9,500
1714060506.1975834,yolov5n,6.jpg,0.5518817901611328,405.27939796447754,0.9829428195953369,europe-west2,500
1714060507.9665344,yolov5n,6.jpg,0.8670828342437744,838.576078414917,1.7681488990783691,europe-west1,500
1714060509.022025,yolov5n,6.jpg,0.7047269344329834,331.93159103393555,1.0546600818634033,europe-west9,500
1714060510.3870347,yolov5n,6.jpg,0.710235595703125,595.012903213501,1.3643343448638916,europe-west3,500
1714060511.2672722,yolov5n,6.jpg,0.442363977432251,406.0947895050049,0.8789641857147217,europe-west2,500
1714060512.6827083,yolov5n,6.jpg,0.5299692153930664,804.0957450866699,1.3855669498443604,europe-west1,500
1714060514.216664,yolov5n,6.jpg,0.5727367401123047,930.8526515960693,1.5331392288208008,europe-west3,500
1714060515.4885156,yolov5n,6.jpg,0.6102228164672852,596.5042114257812,1.2703464031219482,europe-west9,500
1714060516.7704568,yolov5n,6.jpg,0.4382641315460205,819.9353218078613,1.2809362411499023,europe-west2,500
1714060518.148955,yolov5n,6.jpg,0.5618159770965576,770.9195613861084,1.377244234085083,europe-west1,500
1714060519.353481,yolov5n,6.jpg,0.4860095977783203,668.4823036193848,1.2037642002105713,europe-west9,500
1714060520.9193392,yolov5n,6.jpg,0.6651067733764648,871.842622756958,1.5649261474609375,europe-west3,500
1714060522.1109898,yolov5n,6.jpg,0.3718690872192383,753.6327838897705,1.1905722618103027,europe-west2,500
1714060523.1539466,yolov5n,6.jpg,0.536961555480957,451.9193172454834,1.0047991275787354,europe-west1,500
1714060524.509903,yolov5n,6.jpg,0.6801323890686035,627.5157928466797,1.3552606105804443,europe-west3,500
1714060525.8505363,yolov5n,6.jpg,0.9644558429718018,354.64930534362793,1.3399279117584229,europe-west9,500
1714060526.9906113,yolov5n,6.jpg,0.7058005332946777,374.50242042541504,1.1384871006011963,europe-west2,500
1714060528.097273,yolov5n,6.jpg,0.46419191360473633,605.6585311889648,1.105191946029663,europe-west1,500
1714060528.861889,yolov5n,6.jpg,0.3926732540130615,315.0508403778076,0.7631137371063232,europe-west9,500
1714060529.8928,yolov5n,6.jpg,0.5378069877624512,468.28198432922363,1.0299456119537354,europe-west3,500
1714060531.139108,yolov5n,6.jpg,0.665280818939209,519.0515518188477,1.2455213069915771,europe-west2,500
1714060532.8022702,yolov5n,6.jpg,0.8416392803192139,731.9138050079346,1.6304447650909424,europe-west1,500
1714060534.5822096,yolov5n,6.jpg,0.8287510871887207,924.4840145111084,1.7789368629455566,europe-west3,500
1714060535.8469615,yolov5n,6.jpg,0.5217275619506836,695.7857608795166,1.2639634609222412,europe-west9,500
1714060537.1104488,yolov5n,6.jpg,0.38602709770202637,858.8345050811768,1.2627348899841309,europe-west2,500
1714060538.4901943,yolov5n,6.jpg,0.5483746528625488,783.0169200897217,1.3790171146392822,europe-west1,500
1714060539.94992,yolov5n,6.jpg,0.7440032958984375,695.0013637542725,1.4589612483978271,europe-west9,500
1714060541.920283,yolov5n,6.jpg,0.7617602348327637,1157.4492454528809,1.9694759845733643,europe-west3,500
1714060543.2688444,yolov5n,6.jpg,0.5114593505859375,811.1546039581299,1.3476483821868896,europe-west2,500
1714060544.299028,yolov5n,6.jpg,0.4564328193664551,495.6674575805664,0.9995732307434082,europe-west1,500
1714060545.5914626,yolov5n,6.jpg,0.6608090400695801,613.0661964416504,1.2917580604553223,europe-west3,500
1714060546.6548147,yolov5n,6.jpg,0.735323429107666,283.98752212524414,1.0624947547912598,europe-west9,500
1714060547.4967823,yolov5n,6.jpg,0.36992955207824707,440.93942642211914,0.8412716388702393,europe-west2,500
1714060548.5254488,yolov5n,6.jpg,0.5941483974456787,384.3536376953125,1.0273430347442627,europe-west1,500
1714060549.6877575,yolov5n,6.jpg,0.6728763580322266,434.41319465637207,1.16115403175354,europe-west9,500
1714060551.0677962,yolov5n,6.jpg,0.8385674953460693,519.2382335662842,1.3791766166687012,europe-west3,500
1714060551.973382,yolov5n,6.jpg,0.42125821113586426,432.5282573699951,0.9047164916992188,europe-west2,500
1714060553.290895,yolov5n,6.jpg,0.5226032733917236,740.4525279998779,1.2870299816131592,europe-west1,500
1714060554.8343983,yolov5n,6.jpg,0.5443620681762695,951.2636661529541,1.5427615642547607,europe-west3,500
1714060556.117887,yolov5n,6.jpg,0.5773839950561523,682.2571754455566,1.2828130722045898,europe-west9,500
1714060557.6093974,yolov5n,6.jpg,0.5548152923583984,886.9037628173828,1.4903907775878906,europe-west2,500
1714060558.9274693,yolov5n,6.jpg,0.5050945281982422,789.9525165557861,1.3172903060913086,europe-west1,500
1714060560.1530461,yolov5n,6.jpg,0.5052378177642822,675.1425266265869,1.2248709201812744,europe-west9,500
1714060561.3836067,yolov5n,6.jpg,0.7411150932312012,459.8238468170166,1.2297773361206055,europe-west3,500
1714060562.9074059,yolov5n,6.jpg,0.7389490604400635,738.6977672576904,1.5229883193969727,europe-west2,500
1714060564.0769558,yolov5n,6.jpg,0.6257295608520508,459.4559669494629,1.1302218437194824,europe-west1,500
1714060565.1986477,yolov5n,6.jpg,0.48808717727661133,608.3667278289795,1.1209909915924072,europe-west3,500
1714060566.1594708,yolov5n,6.jpg,0.6397912502288818,268.9673900604248,0.9599483013153076,europe-west9,500
1714060567.246639,yolov5n,6.jpg,0.6211812496185303,442.5525665283203,1.0864524841308594,europe-west2,500
1714060568.1798797,yolov5n,6.jpg,0.5117545127868652,366.9755458831787,0.9320008754730225,europe-west1,500
1714060569.3000035,yolov5n,6.jpg,0.8030822277069092,297.2877025604248,1.1192243099212646,europe-west9,500
1714060571.1960409,yolov5n,6.jpg,0.9448261260986328,902.6551246643066,1.8952488899230957,europe-west3,500
1714060572.0978186,yolov5n,6.jpg,0.4522991180419922,422.8856563568115,0.9009990692138672,europe-west2,500
1714060573.211993,yolov5n,6.jpg,0.6460180282592773,381.514310836792,1.0846748352050781,europe-west1,500
1714060574.5157604,yolov5n,6.jpg,0.687410831451416,587.0802402496338,1.3027632236480713,europe-west3,500
1714060575.346882,yolov5n,6.jpg,0.5017540454864502,281.02660179138184,0.8295860290527344,europe-west9,500
1714060576.416842,yolov5n,6.jpg,0.5795772075653076,463.30952644348145,1.0692431926727295,europe-west2,500
1714060577.7873833,yolov5n,6.jpg,0.5468063354492188,776.6382694244385,1.369783639907837,europe-west1,500
1714060578.993872,yolov5n,6.jpg,0.8274750709533691,314.7168159484863,1.205601453781128,europe-west9,500
1714060581.0331953,yolov5n,6.jpg,0.9727287292480469,1034.738540649414,2.0378293991088867,europe-west3,500
1714060582.028394,yolov5n,6.jpg,0.474656343460083,468.16420555114746,0.9936695098876953,europe-west2,500
1714060583.1860223,yolov5n,6.jpg,0.3738741874694824,736.2279891967773,1.1298441886901855,europe-west1,500
1714060584.606308,yolov5n,6.jpg,0.4125497341156006,959.2103958129883,1.4195590019226074,europe-west3,500
1714060585.9454155,yolov5n,6.jpg,0.7095975875854492,605.6501865386963,1.338249921798706,europe-west9,500
1714060587.3898516,yolov5n,6.jpg,0.5234448909759521,874.805212020874,1.4436087608337402,europe-west2,500
1714060588.3316076,yolov5n,6.jpg,0.5070075988769531,414.84522819519043,0.9407744407653809,europe-west1,500
1714060589.917494,yolov5n,6.jpg,0.9524657726287842,586.9152545928955,1.5849814414978027,europe-west9,500
1714060590.968884,yolov5n,6.jpg,0.5150542259216309,511.57641410827637,1.0507047176361084,europe-west3,500
1714060592.287623,yolov5n,6.jpg,0.48937034606933594,780.4775238037109,1.3180115222930908,europe-west2,500
1714060593.4674733,yolov5n,6.jpg,0.38373708724975586,708.5793018341064,1.149312973022461,europe-west1,500
1714060595.1099212,yolov5n,6.jpg,0.6638867855072021,953.0069828033447,1.6415183544158936,europe-west3,500
1714060596.562067,yolov5n,6.jpg,0.79007887840271,612.6067638397217,1.4509925842285156,europe-west9,500
1714060597.6807477,yolov5n,6.jpg,0.4377932548522949,656.613826751709,1.1179602146148682,europe-west2,500
1714060599.0483212,yolov5n,6.jpg,0.5022745132446289,817.6968097686768,1.3667519092559814,europe-west1,500
1714060600.2330775,yolov5n,6.jpg,0.5121371746063232,652.2510051727295,1.183762550354004,europe-west9,500
1714060601.7190952,yolov5n,6.jpg,0.8745880126953125,561.2051486968994,1.485198736190796,europe-west3,500
1714060603.103212,yolov5n,6.jpg,0.6540319919586182,712.1448516845703,1.3830907344818115,europe-west2,500
1714060604.1620123,yolov5n,6.jpg,0.543036699295044,444.87738609313965,1.0303146839141846,europe-west1,500
1714060605.453947,yolov5n,6.jpg,0.7156054973602295,552.0651340484619,1.2912116050720215,europe-west3,500
1714060606.4408226,yolov5n,6.jpg,0.5938088893890381,343.1680202484131,0.9858949184417725,europe-west9,500
1714060607.4943416,yolov5n,6.jpg,0.6294708251953125,361.6187572479248,1.0526320934295654,europe-west2,500
1714060608.5532258,yolov5n,6.jpg,0.6319625377655029,405.44795989990234,1.0569312572479248,europe-west1,500
1714060609.487689,yolov5n,6.jpg,0.4540696144104004,418.84422302246094,0.9334032535552979,europe-west9,500
1714060611.1196284,yolov5n,6.jpg,0.7839758396148682,829.1740417480469,1.631263017654419,europe-west3,500
1714060612.444695,yolov5n,6.jpg,0.7000405788421631,573.4641551971436,1.3243443965911865,europe-west2,500
1714060613.6272159,yolov5n,6.jpg,0.6912038326263428,426.17177963256836,1.1431174278259277,europe-west1,500
1714060614.8340337,yolov5n,6.jpg,0.6697111129760742,489.47954177856445,1.2052652835845947,europe-west3,500
1714060615.9148836,yolov5n,6.jpg,0.7114315032958984,344.61402893066406,1.0801665782928467,europe-west9,500
1714060617.0785651,yolov5n,6.jpg,0.713991641998291,402.01616287231445,1.1629340648651123,europe-west2,500
1714060618.2743177,yolov5n,6.jpg,0.6638743877410889,514.2855644226074,1.194911241531372,europe-west1,500
1714060619.2364872,yolov5n,6.jpg,0.5945072174072266,321.0186958312988,0.9612512588500977,europe-west9,500
1714060620.1982918,yolov5n,6.jpg,0.4729502201080322,466.7928218841553,0.9610738754272461,europe-west3,500
1714060621.4703462,yolov5n,6.jpg,0.8137986660003662,416.3649082183838,1.271347999572754,europe-west2,500
1714060622.8207607,yolov5n,6.jpg,0.441303014755249,811.6402626037598,1.3223237991333008,europe-west1,500
1714060624.2475362,yolov5n,6.jpg,0.4932694435119629,912.7187728881836,1.4252984523773193,europe-west3,500
1714060625.4262557,yolov5n,6.jpg,0.48427486419677734,644.726037979126,1.177980661392212,europe-west9,500
1714060626.8231227,yolov5n,6.jpg,0.6628575325012207,709.2583179473877,1.3961386680603027,europe-west2,500
1714060628.1104884,yolov5n,6.jpg,0.5201435089111328,714.1404151916504,1.2866787910461426,europe-west1,500
1714060629.1305575,yolov5n,6.jpg,0.4017608165740967,594.6080684661865,1.0193774700164795,europe-west9,500
1714060630.8113465,yolov5n,6.jpg,0.8361930847167969,797.6601123809814,1.680053472518921,europe-west3,500
1714060632.002813,yolov5n,6.jpg,0.4809246063232422,688.3494853973389,1.1904501914978027,europe-west2,500
1714060633.0370178,yolov5n,6.jpg,0.5853655338287354,362.37406730651855,0.9968390464782715,europe-west1,500
1714060634.3685842,yolov5n,6.jpg,0.830453634262085,477.6179790496826,1.3308742046356201,europe-west3,500
1714060635.551125,yolov5n,6.jpg,0.7963645458221436,317.3182010650635,1.1817307472229004,europe-west9,500
1714060636.4764705,yolov5n,6.jpg,0.518897294998169,362.2291088104248,0.9239494800567627,europe-west2,500
1714060637.8344092,yolov5n,6.jpg,0.5240981578826904,812.5596046447754,1.3572466373443604,europe-west1,500
1714060638.7886214,yolov5n,6.jpg,0.5663645267486572,337.1727466583252,0.9535424709320068,europe-west9,500
1714060640.0462413,yolov5n,6.jpg,0.6210956573486328,612.8325462341309,1.2562720775604248,europe-west3,500
1714060640.927836,yolov5n,6.jpg,0.454345703125,376.68776512145996,0.8809049129486084,europe-west2,500
1714060642.4340951,yolov5n,6.jpg,0.6136252880096436,841.3870334625244,1.4781482219696045,europe-west1,500
1714060643.8637366,yolov5n,6.jpg,0.5220761299133301,865.4556274414062,1.4289140701293945,europe-west3,500
1714060645.1258354,yolov5n,6.jpg,0.6048686504364014,636.0299587249756,1.2614142894744873,europe-west9,500
1714060646.3404777,yolov5n,6.jpg,0.4582335948944092,709.9592685699463,1.213881015777588,europe-west2,500
1714060647.2604795,yolov5n,6.jpg,0.5247094631195068,371.5977668762207,0.9190070629119873,europe-west1,500
1714060648.4410877,yolov5n,6.jpg,0.5049657821655273,627.7518272399902,1.179952621459961,europe-west9,500
1714060649.798031,yolov5n,6.jpg,0.5303752422332764,801.26953125,1.3558847904205322,europe-west3,500
1714060651.1788454,yolov5n,6.jpg,0.6046175956726074,732.9516410827637,1.3801360130310059,europe-west2,500
1714060652.568069,yolov5n,6.jpg,0.8331351280212402,477.5726795196533,1.3605129718780518,europe-west1,500
1714060653.635559,yolov5n,6.jpg,0.4981958866119385,548.7780570983887,1.066732406616211,europe-west3,500
1714060654.6161807,yolov5n,6.jpg,0.585552453994751,348.51932525634766,0.979266881942749,europe-west9,500
1714060655.603877,yolov5n,6.jpg,0.5721912384033203,387.6652717590332,0.9869472980499268,europe-west2,500
1714060656.7646587,yolov5n,6.jpg,0.712153434753418,391.141414642334,1.1599507331848145,europe-west1,500
1714060658.1222975,yolov5n,6.jpg,1.0108871459960938,321.81811332702637,1.3561997413635254,europe-west9,500
1714060659.2433836,yolov5n,6.jpg,0.5055911540985107,570.2736377716064,1.1199932098388672,europe-west3,500
1714060660.0408967,yolov5n,6.jpg,0.5227766036987305,255.3091049194336,0.7968361377716064,europe-west2,500
1714060661.422142,yolov5n,6.jpg,0.543609619140625,759.7544193267822,1.3480548858642578,europe-west1,500
1714060663.2610214,yolov5n,6.jpg,0.8364109992980957,978.4178733825684,1.8381316661834717,europe-west3,500
1714060664.5745845,yolov5n,6.jpg,0.6375532150268555,628.7353038787842,1.312762975692749,europe-west9,500
1714060665.9372764,yolov5n,6.jpg,0.5633339881896973,745.0821399688721,1.3619465827941895,europe-west2,500
1714060667.2568247,yolov5n,6.jpg,0.5483448505401611,751.9059181213379,1.3188188076019287,europe-west1,500
1714060668.4932227,yolov5n,6.jpg,0.5607514381408691,626.4381408691406,1.235673427581787,europe-west9,500
1714060670.2142148,yolov5n,6.jpg,0.7882077693939209,909.9538326263428,1.7201507091522217,europe-west3,500
1714060671.715884,yolov5n,6.jpg,0.7564513683319092,690.0863647460938,1.5009269714355469,europe-west2,500
1714060673.0249686,yolov5n,6.jpg,0.8949382305145264,360.17632484436035,1.2794723510742188,europe-west1,500
1714060674.4862309,yolov5n,6.jpg,0.8206956386566162,593.8849449157715,1.4603872299194336,europe-west3,500
1714060675.4839096,yolov5n,6.jpg,0.6841142177581787,294.37947273254395,0.9969933032989502,europe-west9,500
1714060676.4975553,yolov5n,6.jpg,0.5294578075408936,436.0940456390381,1.0129883289337158,europe-west2,500
1714060677.822808,yolov5n,6.jpg,0.9159953594207764,389.45603370666504,1.3244194984436035,europe-west1,500
1714060678.9145925,yolov5n,6.jpg,0.6811704635620117,366.6355609893799,1.091052532196045,europe-west9,500
1714060680.0507092,yolov5n,6.jpg,0.6261117458343506,482.22947120666504,1.135359287261963,europe-west3,500
1714060681.2630174,yolov5n,6.jpg,0.7213842868804932,445.07718086242676,1.2114789485931396,europe-west2,500
1714060682.829292,yolov5n,6.jpg,0.687903881072998,794.1606044769287,1.5318117141723633,europe-west1,500
1714060684.417971,yolov5n,6.jpg,0.6697442531585693,900.3112316131592,1.5879416465759277,europe-west3,500
1714060685.6773486,yolov5n,6.jpg,0.6052830219268799,603.3651828765869,1.2587275505065918,europe-west9,500
1714060686.978876,yolov5n,6.jpg,0.5336306095123291,744.3866729736328,1.3006508350372314,europe-west2,500
1714060688.2349946,yolov5n,6.jpg,0.39297986030578613,813.5647773742676,1.2553715705871582,europe-west1,500
1714060689.4030704,yolov5n,6.jpg,0.49706292152404785,648.6375331878662,1.1673839092254639,europe-west9,500
1714060690.8850138,yolov5n,6.jpg,0.5375552177429199,899.0652561187744,1.4812355041503906,europe-west3,500
1714060692.210548,yolov5n,6.jpg,0.5765507221221924,729.8259735107422,1.32474946975708,europe-west2,500
1714060693.3708148,yolov5n,6.jpg,0.6960394382476807,371.53053283691406,1.1281187534332275,europe-west1,500
1714060694.7155886,yolov5n,6.jpg,0.6873528957366943,637.169599533081,1.3440415859222412,europe-west3,500
1714060695.6356754,yolov5n,6.jpg,0.5941135883331299,269.77992057800293,0.9190356731414795,europe-west9,500
1714060696.5877137,yolov5n,6.jpg,0.5357236862182617,363.76285552978516,0.9509890079498291,europe-west2,500
1714060697.5630634,yolov5n,6.jpg,0.5361649990081787,414.71028327941895,0.9743444919586182,europe-west1,500
1714060698.585931,yolov5n,6.jpg,0.6405506134033203,335.8907699584961,1.0220696926116943,europe-west9,500
1714060700.1757407,yolov5n,6.jpg,0.5991635322570801,965.6498432159424,1.5890815258026123,europe-west3,500
1714060701.3667994,yolov5n,6.jpg,0.7268617153167725,422.70851135253906,1.19028639793396,europe-west2,500
1714060702.6272717,yolov5n,6.jpg,0.4767282009124756,728.6341190338135,1.2291815280914307,europe-west1,500
1714060704.3691041,yolov5n,6.jpg,0.7973227500915527,899.1515636444092,1.741112232208252,europe-west3,500
1714060705.6015959,yolov5n,6.jpg,0.5784611701965332,634.5052719116211,1.2317883968353271,europe-west9,500
1714060706.8426697,yolov5n,6.jpg,0.4581179618835449,722.4717140197754,1.2400331497192383,europe-west2,500
1714060708.045885,yolov5n,6.jpg,0.421372652053833,762.3703479766846,1.2024786472320557,europe-west1,500
1714060709.3799658,yolov5n,6.jpg,0.6306297779083252,656.8171977996826,1.3333241939544678,europe-west9,500
1714060710.6907196,yolov5n,6.jpg,0.7282631397247314,521.3654041290283,1.3099756240844727,europe-west3,500
1714060712.0092065,yolov5n,6.jpg,0.5527007579803467,747.1601963043213,1.3176863193511963,europe-west2,500
1714060713.3918004,yolov5n,6.jpg,0.4479196071624756,850.4302501678467,1.3529081344604492,europe-west1,500
1714060715.1581612,yolov5n,6.jpg,0.7850780487060547,949.615478515625,1.7654387950897217,europe-west3,500
1714060716.4208977,yolov5n,6.jpg,0.5597124099731445,652.5802612304688,1.2612731456756592,europe-west9,500
1714060717.6250222,yolov5n,6.jpg,0.4615805149078369,719.6509838104248,1.2033648490905762,europe-west2,500
1714060718.5496857,yolov5n,6.jpg,0.4961729049682617,377.02393531799316,0.9238724708557129,europe-west1,500
1714060719.9743762,yolov5n,6.jpg,0.7384929656982422,666.1698818206787,1.4239957332611084,europe-west9,500
1714060721.553653,yolov5n,6.jpg,0.6460797786712646,882.5631141662598,1.578493356704712,europe-west3,500
1714060722.8087175,yolov5n,6.jpg,0.4488792419433594,768.7761783599854,1.2538080215454102,europe-west2,500
1714060724.1506195,yolov5n,6.jpg,0.8226537704467773,428.0862808227539,1.299307107925415,europe-west1,500
1714060725.3952322,yolov5n,6.jpg,0.5746924877166748,640.5808925628662,1.243636131286621,europe-west3,500
1714060726.4638808,yolov5n,6.jpg,0.6301310062408447,392.4212455749512,1.067840814590454,europe-west9,500
1714060727.4113908,yolov5n,6.jpg,0.5428392887115479,349.1992950439453,0.9467761516571045,europe-west2,500
1714060728.5970306,yolov5n,6.jpg,0.4535243511199951,713.2513523101807,1.1849970817565918,europe-west1,500
1714060729.6682556,yolov5n,6.jpg,0.7222516536712646,295.18938064575195,1.0704798698425293,europe-west9,500
1714060730.9178903,yolov5n,6.jpg,0.6792142391204834,548.6714839935303,1.248772382736206,europe-west3,500
1714060732.2429366,yolov5n,6.jpg,0.8827457427978516,392.87734031677246,1.3243486881256104,europe-west2,500
1714060733.6422272,yolov5n,6.jpg,0.6006119251251221,742.570161819458,1.37013840675354,europe-west1,500
1714060735.2740488,yolov5n,6.jpg,0.6753890514373779,898.7574577331543,1.6310386657714844,europe-west3,500
1714060736.5543754,yolov5n,6.jpg,0.6271424293518066,627.3229122161865,1.2789556980133057,europe-west9,500
1714060737.9451413,yolov5n,6.jpg,0.6482839584350586,693.2175159454346,1.3899917602539062,europe-west2,500
1714060739.140282,yolov5n,6.jpg,0.6208834648132324,547.7917194366455,1.1943848133087158,europe-west1,500
1714060740.5036724,yolov5n,6.jpg,0.6595017910003662,654.2260646820068,1.3627030849456787,europe-west9,500
1714060742.1606505,yolov5n,6.jpg,0.6975347995758057,909.4727039337158,1.6556718349456787,europe-west3,500
1714060743.312384,yolov5n,6.jpg,0.4874570369720459,643.2023048400879,1.150991439819336,europe-west2,500
1714060744.5327587,yolov5n,6.jpg,0.6796631813049316,441.10846519470215,1.1909513473510742,europe-west1,500
1714060745.8507683,yolov5n,6.jpg,0.7158913612365723,578.5751342773438,1.3163671493530273,europe-west3,500
1714060746.850078,yolov5n,6.jpg,0.6214990615844727,324.7673511505127,0.9985849857330322,europe-west9,500
1714060747.8703294,yolov5n,6.jpg,0.6323254108428955,360.4609966278076,1.0193774700164795,europe-west2,500
1714060749.348155,yolov5n,6.jpg,0.6615011692047119,764.6126747131348,1.477052927017212,europe-west1,500
1714060750.518402,yolov5n,6.jpg,0.7227165699005127,419.12293434143066,1.169513463973999,europe-west9,500
1714060751.7449884,yolov5n,6.jpg,0.688302755355835,486.8605136871338,1.2250487804412842,europe-west3,500
1714060752.9348373,yolov5n,6.jpg,0.7977056503295898,369.6126937866211,1.188995361328125,europe-west2,500
1714060754.4426737,yolov5n,6.jpg,0.6067166328430176,825.1523971557617,1.4767391681671143,europe-west1,500
1714060755.814822,yolov5n,6.jpg,0.4485743045806885,904.8595428466797,1.3713691234588623,europe-west3,500
1714060757.0154037,yolov5n,6.jpg,0.5569400787353516,592.1969413757324,1.199897289276123,europe-west9,500
1714060758.3812976,yolov5n,6.jpg,0.5333716869354248,773.6976146697998,1.3645012378692627,europe-west2,500
1714060759.6541555,yolov5n,6.jpg,0.43839359283447266,813.6672973632812,1.2720355987548828,europe-west1,500
1714060760.909934,yolov5n,6.jpg,0.5381617546081543,672.3861694335938,1.2546110153198242,europe-west9,500
1714060762.6592345,yolov5n,6.jpg,0.8993124961853027,830.4853439331055,1.7486000061035156,europe-west3,500
1714060764.2940104,yolov5n,6.jpg,0.8231794834136963,760.1561546325684,1.6340157985687256,europe-west2,500
1714060765.5174875,yolov5n,6.jpg,0.7908058166503906,377.6717185974121,1.194746971130371,europe-west1,500
1714060766.9049613,yolov5n,6.jpg,0.7481458187103271,585.4136943817139,1.3863136768341064,europe-west3,500
1714060768.0505464,yolov5n,6.jpg,0.8498601913452148,275.61092376708984,1.1445302963256836,europe-west9,500
1714060768.991023,yolov5n,6.jpg,0.44732213020324707,439.93473052978516,0.9397144317626953,europe-west2,500
1714060770.2359993,yolov5n,6.jpg,0.8170444965362549,408.07414054870605,1.2436230182647705,europe-west1,500
1714060771.269528,yolov5n,6.jpg,0.6275527477264404,359.5461845397949,1.0327520370483398,europe-west9,500
1714060772.4330523,yolov5n,6.jpg,0.4886143207550049,613.1186485290527,1.162820816040039,europe-west3,500
1714060773.3107586,yolov5n,6.jpg,0.47970104217529297,380.01322746276855,0.8762381076812744,europe-west2,500
1714060774.6681843,yolov5n,6.jpg,0.5105419158935547,762.383222579956,1.3287580013275146,europe-west1,500
1714060776.279622,yolov5n,6.jpg,0.6443338394165039,946.0899829864502,1.6104888916015625,europe-west3,500
1714060777.5048661,yolov5n,6.jpg,0.5627591609954834,609.0717315673828,1.2245161533355713,europe-west9,500
1714060778.7951303,yolov5n,6.jpg,0.552443265914917,716.9516086578369,1.2895374298095703,europe-west2,500
1714060780.118678,yolov5n,6.jpg,0.47342801094055176,800.1079559326172,1.3228566646575928,europe-west1,500
1714060781.427431,yolov5n,6.jpg,0.6116361618041992,678.0011653900146,1.307610273361206,europe-west9,500
1714060782.872356,yolov5n,6.jpg,0.5808734893798828,818.0532455444336,1.4442296028137207,europe-west3,500
1714060784.3017411,yolov5n,6.jpg,0.6358485221862793,773.9133834838867,1.428612470626831,europe-west2,500
1714060785.6417747,yolov5n,6.jpg,0.8317785263061523,405.0123691558838,1.2859067916870117,europe-west1,500
1714060787.2290437,yolov5n,6.jpg,0.6787915229797363,854.1057109832764,1.5865652561187744,europe-west3,500
1714060788.2220325,yolov5n,6.jpg,0.6166830062866211,345.6869125366211,0.9922306537628174,europe-west9,500
1714060789.4782722,yolov5n,6.jpg,0.7358224391937256,474.68042373657227,1.2554965019226074,europe-west2,500
1714060790.6843185,yolov5n,6.jpg,0.7548258304595947,423.42686653137207,1.2053370475769043,europe-west1,500
1714060791.7209172,yolov5n,6.jpg,0.6701700687408447,314.67151641845703,1.0353233814239502,europe-west9,500
1714060792.8907003,yolov5n,6.jpg,0.6621878147125244,482.6219081878662,1.1689484119415283,europe-west3,500
1714060794.180541,yolov5n,6.jpg,0.7310667037963867,510.2667808532715,1.2888798713684082,europe-west2,500
1714060795.6154013,yolov5n,6.jpg,0.6028728485107422,780.2414894104004,1.4061481952667236,europe-west1,500
1714060797.0914614,yolov5n,6.jpg,0.5076932907104492,919.5859432220459,1.4745829105377197,europe-west3,500
1714060798.2617428,yolov5n,6.jpg,0.5451233386993408,602.8773784637451,1.1693801879882812,europe-west9,500
1714060799.6211522,yolov5n,6.jpg,0.559830904006958,746.4079856872559,1.3587372303009033,europe-west2,500
1714060801.2888565,yolov5n,6.jpg,0.8424258232116699,806.0829639434814,1.666874647140503,europe-west1,500
1714060802.6696486,yolov5n,6.jpg,0.70902419090271,621.3991641998291,1.3800275325775146,europe-west9,500
1714060803.9859989,yolov5n,6.jpg,0.7207045555114746,545.5009937286377,1.3150882720947266,europe-west3,500
1714060805.3213487,yolov5n,6.jpg,0.5056498050689697,806.7326545715332,1.3346467018127441,europe-west2,500
1714060806.5624988,yolov5n,6.jpg,0.7139706611633301,452.22973823547363,1.213172197341919,europe-west1,500
1714060808.1194496,yolov5n,6.jpg,0.8874356746673584,650.1622200012207,1.5562119483947754,europe-west3,500
1714060809.3146577,yolov5n,6.jpg,0.8680140972137451,279.18314933776855,1.1943926811218262,europe-west9,500
1714060810.1513147,yolov5n,6.jpg,0.41765427589416504,400.91872215270996,0.8358192443847656,europe-west2,500
1714060811.215365,yolov5n,6.jpg,0.5632431507110596,450.04749298095703,1.0630502700805664,europe-west1,500
1714060812.2088614,yolov5n,6.jpg,0.626011848449707,346.1740016937256,0.9924063682556152,europe-west9,500
1714060813.6299791,yolov5n,6.jpg,0.4935736656188965,874.6821880340576,1.4204201698303223,europe-west3,500
1714060814.854114,yolov5n,6.jpg,0.7364232540130615,458.35232734680176,1.2233736515045166,europe-west2,500
1714060815.9981804,yolov5n,6.jpg,0.6363625526428223,414.60275650024414,1.0947577953338623,europe-west1,500
1714060817.2998824,yolov5n,6.jpg,0.6446521282196045,599.8480319976807,1.3010075092315674,europe-west3,500
1714060818.357824,yolov5n,6.jpg,0.743905782699585,289.3190383911133,1.056717872619629,europe-west9,500
1714060819.493314,yolov5n,6.jpg,0.5333271026611328,550.3735542297363,1.1346986293792725,europe-west2,500
1714060821.00144,yolov5n,6.jpg,0.597935676574707,884.1180801391602,1.5074000358581543,europe-west1,500
1714060822.2696028,yolov5n,6.jpg,0.8355584144592285,374.187707901001,1.2671854496002197,europe-west9,500
1714060823.957613,yolov5n,6.jpg,0.6910507678985596,969.0465927124023,1.6871321201324463,europe-west3,500
1714060824.9869847,yolov5n,6.jpg,0.5227653980255127,453.9926052093506,1.0281283855438232,europe-west2,500
1714060826.2316787,yolov5n,6.jpg,0.41979265213012695,770.6356048583984,1.2123804092407227,europe-west1,500
1714060828.112376,yolov5n,6.jpg,0.937288761138916,884.5317363739014,1.8799917697906494,europe-west3,500
1714060829.32985,yolov5n,6.jpg,0.5368249416351318,654.4637680053711,1.2167165279388428,europe-west9,500
1714060830.6882899,yolov5n,6.jpg,0.5479028224945068,762.2175216674805,1.35772705078125,europe-west2,500
1714060832.1483986,yolov5n,6.jpg,1.0351271629333496,406.0838222503662,1.4593594074249268,europe-west1,500
1714060833.4151537,yolov5n,6.jpg,0.55708909034729,664.015531539917,1.2660224437713623,europe-west9,500
1714060834.8560908,yolov5n,6.jpg,0.7775614261627197,601.3648509979248,1.440169095993042,europe-west3,500
1714060836.2315164,yolov5n,6.jpg,0.5239498615264893,825.2863883972168,1.3746442794799805,europe-west2,500
1714060837.6263533,yolov5n,6.jpg,0.43869662284851074,881.7009925842285,1.3663744926452637,europe-west1,500
1714060839.47586,yolov5n,6.jpg,0.9351391792297363,890.3219699859619,1.8487269878387451,europe-west3,500
1714060840.9292307,yolov5n,6.jpg,0.7776155471801758,631.6907405853271,1.452627182006836,europe-west9,500
1714060842.2432663,yolov5n,6.jpg,0.5071911811828613,776.5417098999023,1.313324213027954,europe-west2,500
1714060843.4789565,yolov5n,6.jpg,0.3993866443634033,789.1068458557129,1.234581708908081,europe-west1,500
1714060844.732162,yolov5n,6.jpg,0.5837390422821045,645.313024520874,1.2519869804382324,europe-west9,500
1714060846.1967778,yolov5n,6.jpg,0.9288053512573242,489.1836643218994,1.4632227420806885,europe-west3,500
1714060847.4047062,yolov5n,6.jpg,0.338376522064209,843.3108329772949,1.2071928977966309,europe-west2,500
1714060848.7282903,yolov5n,6.jpg,0.7533233165740967,478.1382083892822,1.2932968139648438,europe-west1,500
1714060849.9728246,yolov5n,6.jpg,0.6046061515808105,586.2164497375488,1.2434868812561035,europe-west3,500
1714060851.0582113,yolov5n,6.jpg,0.7407500743865967,320.9226131439209,1.0845410823822021,europe-west9,500
1714060852.0335925,yolov5n,6.jpg,0.4818241596221924,443.67265701293945,0.9744832515716553,europe-west2,500
1714060853.0946276,yolov5n,6.jpg,0.5771796703338623,459.2630863189697,1.0602705478668213,europe-west1,500
1714060854.1153984,yolov5n,6.jpg,0.6653439998626709,281.70061111450195,1.0198378562927246,europe-west9,500
1714060855.6297743,yolov5n,6.jpg,0.5718908309936523,913.6800765991211,1.5123071670532227,europe-west3,500
1714060856.7263596,yolov5n,6.jpg,0.5949361324310303,455.3866386413574,1.0952143669128418,europe-west2,500
1714060857.876022,yolov5n,6.jpg,0.6482617855072021,454.39600944519043,1.1206727027893066,europe-west1,500
1714060859.3167107,yolov5n,6.jpg,0.7712001800537109,623.6772537231445,1.4393861293792725,europe-west3,500
1714060860.4085824,yolov5n,6.jpg,0.7819705009460449,285.064697265625,1.0910396575927734,europe-west9,500
1714060861.4711921,yolov5n,6.jpg,0.6115925312042236,394.79947090148926,1.0617434978485107,europe-west2,500
1714060862.8762188,yolov5n,6.jpg,0.9273428916931152,420.8204746246338,1.4042725563049316,europe-west1,500
1714060864.0968425,yolov5n,6.jpg,0.7880995273590088,407.11283683776855,1.2194905281066895,europe-west9,500
1714060865.504945,yolov5n,6.jpg,0.8318092823028564,526.6122817993164,1.4070675373077393,europe-west3,500
1714060866.4597414,yolov5n,6.jpg,0.4321472644805908,503.7720203399658,0.9538304805755615,europe-west2,500
1714060867.928979,yolov5n,6.jpg,0.5717287063598633,820.8963871002197,1.4410820007324219,europe-west1,500
1714060869.398875,yolov5n,6.jpg,0.5376455783843994,913.3486747741699,1.4690852165222168,europe-west3,500
1714060870.7435884,yolov5n,6.jpg,0.6997678279876709,598.3147621154785,1.3439812660217285,europe-west9,500
1714060872.0053465,yolov5n,6.jpg,0.5466108322143555,696.0470676422119,1.2610385417938232,europe-west2,500
1714060873.4023483,yolov5n,6.jpg,0.5656602382659912,783.1928730010986,1.396244764328003,europe-west1,500
1714060874.6395829,yolov5n,6.jpg,0.5263364315032959,693.5501098632812,1.2363159656524658,europe-west9,500
1714060876.135791,yolov5n,6.jpg,0.5422952175140381,897.653341293335,1.495500087738037,europe-west3,500
1714060877.2717457,yolov5n,6.jpg,0.44611120223999023,672.6047992706299,1.134988784790039,europe-west2,500
1714060878.4020596,yolov5n,6.jpg,0.6320602893829346,407.0851802825928,1.0992095470428467,europe-west1,500
1714060879.6709228,yolov5n,6.jpg,0.6110296249389648,605.9236526489258,1.2666583061218262,europe-west3,500
1714060880.8069642,yolov5n,6.jpg,0.7876381874084473,325.7787227630615,1.135359525680542,europe-west9,500
1714060881.8322465,yolov5n,6.jpg,0.5551600456237793,417.2530174255371,1.0245850086212158,europe-west2,500
1714060883.366976,yolov5n,6.jpg,0.7468645572662354,766.3078308105469,1.5340054035186768,europe-west1,500
1714060884.4563963,yolov5n,6.jpg,0.601433277130127,431.20360374450684,1.0887298583984375,europe-west9,500
1714060885.4261365,yolov5n,6.jpg,0.48883962631225586,462.0957374572754,0.9687032699584961,europe-west3,500
1714060886.4942193,yolov5n,6.jpg,0.4397287368774414,573.875904083252,1.0672054290771484,europe-west2,500
1714060887.8718898,yolov5n,6.jpg,0.6046977043151855,719.8233604431152,1.347111701965332,europe-west1,500
1714060889.707332,yolov5n,6.jpg,0.8287713527679443,964.17236328125,1.834756851196289,europe-west3,500
1714060890.88103,yolov5n,6.jpg,0.5589568614959717,585.5646133422852,1.1729176044464111,europe-west9,500
1714060892.0475857,yolov5n,6.jpg,0.37227892875671387,746.1113929748535,1.1649367809295654,europe-west2,500
1714060893.0461748,yolov5n,6.jpg,0.5676655769348145,383.2275867462158,0.9978904724121094,europe-west1,500
1714060894.3107772,yolov5n,6.jpg,0.5041429996490479,733.0999374389648,1.2638328075408936,europe-west9,500
1714060895.8009057,yolov5n,6.jpg,0.4132239818572998,1024.3709087371826,1.4894115924835205,europe-west3,500
1714060897.1855614,yolov5n,6.jpg,0.6284365653991699,724.5724201202393,1.3838934898376465,europe-west2,500
1714060898.3325973,yolov5n,6.jpg,0.6718876361846924,393.91207695007324,1.119748592376709,europe-west1,500
1714060899.6152809,yolov5n,6.jpg,0.6900308132171631,571.826696395874,1.2813122272491455,europe-west3,500
1714060900.6946383,yolov5n,6.jpg,0.743279218673706,285.66694259643555,1.078568458557129,europe-west9,500
1714060901.7017303,yolov5n,6.jpg,0.5551838874816895,420.7935333251953,1.006392240524292,europe-west2,500
1714060902.7431946,yolov5n,6.jpg,0.5899178981781006,398.9071846008301,1.0403175354003906,europe-west1,500
1714060903.7665327,yolov5n,6.jpg,0.5658771991729736,436.34033203125,1.0224621295928955,europe-west9,500
1714060905.5055883,yolov5n,6.jpg,0.9447932243347168,743.5407638549805,1.737224817276001,europe-west3,500
1714060906.6345277,yolov5n,6.jpg,0.7060933113098145,400.16627311706543,1.1281073093414307,europe-west2,500
1714060908.0730278,yolov5n,6.jpg,0.5077993869781494,839.2598628997803,1.406001329421997,europe-west1,500
1714060909.9072177,yolov5n,6.jpg,0.8261125087738037,953.3154964447021,1.8326075077056885,europe-west3,500
1714060911.6305273,yolov5n,6.jpg,1.1289710998535156,574.0194320678711,1.722184419631958,europe-west9,500
1714060913.0007358,yolov5n,6.jpg,0.5639650821685791,751.7096996307373,1.3688490390777588,europe-west2,500
1714060914.3803315,yolov5n,6.jpg,0.5884990692138672,771.9016075134277,1.3784034252166748,europe-west1,500
1714060915.8156,yolov5n,6.jpg,0.7585709095001221,625.9250640869141,1.4345729351043701,europe-west9,500
1714060917.4450626,yolov5n,6.jpg,0.6942353248596191,915.6348705291748,1.6287651062011719,europe-west3,500
1714060918.5696597,yolov5n,6.jpg,0.41924166679382324,656.973123550415,1.123795747756958,europe-west2,500
1714060919.628176,yolov5n,6.jpg,0.5312764644622803,479.4788360595703,1.0264151096343994,europe-west1,500
1714060921.1037972,yolov5n,6.jpg,0.8380701541900635,590.7502174377441,1.4748806953430176,europe-west3,500
1714060922.1669986,yolov5n,6.jpg,0.7389438152313232,294.05927658081055,1.062497615814209,europe-west9,500
1714060923.214533,yolov5n,6.jpg,0.6505317687988281,348.5586643218994,1.0467884540557861,europe-west2,500
1714060924.3643785,yolov5n,6.jpg,0.703404426574707,396.0103988647461,1.14902663230896,europe-west1,500
1714060925.2481568,yolov5n,6.jpg,0.5160315036773682,337.5062942504883,0.8830533027648926,europe-west9,500
1714060926.6530898,yolov5n,6.jpg,0.7880289554595947,564.3405914306641,1.4023892879486084,europe-west3,500
1714060927.7582006,yolov5n,6.jpg,0.7288937568664551,352.30278968811035,1.104365587234497,europe-west2,500
1714060929.1073818,yolov5n,6.jpg,0.4434685707092285,823.601484298706,1.319214105606079,europe-west1,500
1714060930.692817,yolov5n,6.jpg,0.5256011486053467,1032.1757793426514,1.5847172737121582,europe-west3,500
1714060932.3366568,yolov5n,6.jpg,0.9790811538696289,613.8107776641846,1.64235520362854,europe-west9,500
1714060933.4242213,yolov5n,6.jpg,0.36133575439453125,695.3341960906982,1.0867323875427246,europe-west2,500
1714060934.907271,yolov5n,6.jpg,0.6354866027832031,801.8598556518555,1.481612205505371,europe-west1,500
1714060936.2165377,yolov5n,6.jpg,0.6461715698242188,641.1001682281494,1.3085458278656006,europe-west9,500
1714060937.7007167,yolov5n,6.jpg,0.6078920364379883,828.0720710754395,1.4830803871154785,europe-west3,500
1714060938.9247427,yolov5n,6.jpg,0.46504902839660645,723.1957912445068,1.2231342792510986,europe-west2,500
1714060940.0539176,yolov5n,6.jpg,0.6255958080291748,406.1248302459717,1.0538272857666016,europe-west1,500
1714060941.39087,yolov5n,6.jpg,0.6432764530181885,632.8558921813965,1.3360137939453125,europe-west3,500
1714060942.2392454,yolov5n,6.jpg,0.5116212368011475,307.47151374816895,0.8476681709289551,europe-west9,500
1714060943.293682,yolov5n,6.jpg,0.56046462059021,442.5220489501953,1.0537323951721191,europe-west2,500
1714060944.4243455,yolov5n,6.jpg,0.7155661582946777,384.54461097717285,1.1299622058868408,europe-west1,500
1714060945.5086873,yolov5n,6.jpg,0.6707711219787598,363.8720512390137,1.0828652381896973,europe-west9,500
1714060946.7903628,yolov5n,6.jpg,0.43299245834350586,815.0746822357178,1.2809042930603027,europe-west3,500
1714060947.8055098,yolov5n,6.jpg,0.5541718006134033,403.44858169555664,1.013530969619751,europe-west2,500
1714060949.3486743,yolov5n,6.jpg,0.6239428520202637,862.6425266265869,1.51462984085083,europe-west1,500
1714060950.7697618,yolov5n,6.jpg,0.39647483825683594,963.4082317352295,1.4201724529266357,europe-west3,500
1714060952.0702605,yolov5n,6.jpg,0.6353161334991455,640.8309936523438,1.2996070384979248,europe-west9,500
1714060953.4045563,yolov5n,6.jpg,0.4214942455291748,867.7935600280762,1.333244800567627,europe-west2,500
1714060954.7215927,yolov5n,6.jpg,0.552436113357544,712.7916812896729,1.316300392150879,europe-west1,500
1714060955.7477477,yolov5n,6.jpg,0.4068470001220703,590.6755924224854,1.0252137184143066,europe-west9,500
1714060957.0739548,yolov5n,6.jpg,0.7167751789093018,560.1201057434082,1.325559377670288,europe-west3,500
1714060958.291855,yolov5n,6.jpg,0.4284060001373291,758.5556507110596,1.217221975326538,europe-west2,500
1714060959.8350677,yolov5n,6.jpg,0.5534408092498779,896.2945938110352,1.5025238990783691,europe-west1,500
1714060961.644455,yolov5n,6.jpg,0.8233234882354736,961.1794948577881,1.808680534362793,europe-west3,500
1714060963.147462,yolov5n,6.jpg,0.7688906192779541,670.9215641021729,1.5020756721496582,europe-west9,500
1714060964.3228052,yolov5n,6.jpg,0.32703614234924316,821.6254711151123,1.1743650436401367,europe-west2,500
1714060965.6617854,yolov5n,6.jpg,0.9076144695281982,368.3326244354248,1.3382532596588135,europe-west1,500
1714060966.9063447,yolov5n,6.jpg,0.6052358150482178,612.4875545501709,1.2425203323364258,europe-west9,500
1714060968.9204113,yolov5n,6.jpg,1.0475575923919678,921.0062026977539,2.013381242752075,europe-west3,500
1714060970.3559008,yolov5n,6.jpg,0.6671926975250244,714.5054340362549,1.4347848892211914,europe-west2,500
1714060971.466419,yolov5n,6.jpg,0.6642403602600098,402.0805358886719,1.083066701889038,europe-west1,500
1714060972.8205044,yolov5n,6.jpg,0.6834585666656494,624.420166015625,1.3532814979553223,europe-west3,500
1714060973.688667,yolov5n,6.jpg,0.47629380226135254,364.682674407959,0.867487907409668,europe-west9,500
1714060974.7062101,yolov5n,6.jpg,0.5505688190460205,412.6935005187988,1.0168626308441162,europe-west2,500
1714060976.2099447,yolov5n,6.jpg,0.7666046619415283,698.6691951751709,1.5029792785644531,europe-west1,500
1714060977.3923643,yolov5n,6.jpg,0.6600160598754883,469.5909023284912,1.1789860725402832,europe-west9,500
1714060978.549641,yolov5n,6.jpg,0.6141252517700195,517.6517963409424,1.1561424732208252,europe-west3,500
1714060979.4808326,yolov5n,6.jpg,0.5155694484710693,361.4528179168701,0.9304838180541992,europe-west2,500
1714060980.750326,yolov5n,6.jpg,0.4368021488189697,777.287483215332,1.2395899295806885,europe-west1,500
1714060982.229348,yolov5n,6.jpg,0.5245440006256104,898.9596366882324,1.4780421257019043,europe-west3,500
1714060983.4885273,yolov5n,6.jpg,0.5697786808013916,659.7869396209717,1.2576014995574951,europe-west9,500
1714060984.9087813,yolov5n,6.jpg,0.5985722541809082,781.1157703399658,1.4195215702056885,europe-west2,500
1714060986.2446291,yolov5n,6.jpg,0.8828568458557129,386.04092597961426,1.3345756530761719,europe-west1,500
1714060987.4899669,yolov5n,6.jpg,0.566009521484375,655.4551124572754,1.2434585094451904,europe-west9,500
1714060989.1508684,yolov5n,6.jpg,0.75494384765625,853.3058166503906,1.660219669342041,europe-west3,500
1714060990.3227582,yolov5n,6.jpg,0.45292139053344727,691.3702487945557,1.1711552143096924,europe-west2,500
1714060991.5097983,yolov5n,6.jpg,0.6674520969390869,446.9473361968994,1.1560754776000977,europe-west1,500
1714060992.82095,yolov5n,6.jpg,0.6926944255828857,596.5406894683838,1.3103630542755127,europe-west3,500
1714060993.8598099,yolov5n,6.jpg,0.7105772495269775,277.13990211486816,1.0381660461425781,europe-west9,500
1714060995.0447683,yolov5n,6.jpg,0.6123790740966797,552.9863834381104,1.1841590404510498,europe-west2,500
1714060996.418111,yolov5n,6.jpg,0.548818826675415,775.1173973083496,1.3721556663513184,europe-west1,500
1714060997.4164143,yolov5n,6.jpg,0.6129193305969238,361.8767261505127,0.9975423812866211,europe-west9,500
1714060998.6587303,yolov5n,6.jpg,0.7219164371490479,475.36373138427734,1.2414770126342773,europe-west3,500
1714060999.7958748,yolov5n,6.jpg,0.7211215496063232,354.3679714202881,1.1363506317138672,europe-west2,500
1714061001.2191021,yolov5n,6.jpg,0.6059355735778809,762.1133327484131,1.3891043663024902,europe-west1,500
1714061002.8112156,yolov5n,6.jpg,0.6199331283569336,916.8667793273926,1.591392993927002,europe-west3,500
1714061004.0640204,yolov5n,6.jpg,0.5821802616119385,648.1437683105469,1.2519493103027344,europe-west9,500
1714061005.2059813,yolov5n,6.jpg,0.3505125045776367,744.8720932006836,1.1412007808685303,europe-west2,500
1714061006.4651778,yolov5n,6.jpg,0.523892879486084,716.1026000976562,1.2584278583526611,europe-west1,500
1714061007.6678247,yolov5n,6.jpg,0.511641263961792,641.0470008850098,1.201911449432373,europe-west9,500
1714061009.0342839,yolov5n,6.jpg,0.46346163749694824,872.0669746398926,1.3656764030456543,europe-west3,500
1714061010.2211847,yolov5n,6.jpg,0.4523754119873047,684.8037242889404,1.185248851776123,europe-west2,500
1714061011.0616188,yolov5n,6.jpg,0.4235687255859375,360.9786033630371,0.8107566833496094,europe-west1,500
1714061012.2917712,yolov5n,6.jpg,0.6212034225463867,560.1954460144043,1.2294318675994873,europe-west3,500
1714061013.3281252,yolov5n,6.jpg,0.716240644454956,300.9636402130127,1.0355618000030518,europe-west9,500
1714061014.5255563,yolov5n,6.jpg,0.7764747142791748,374.21178817749023,1.196700096130371,europe-west2,500
1714061015.3756127,yolov5n,6.jpg,0.42541074752807617,365.8761978149414,0.849276065826416,europe-west1,500
1714061016.5092185,yolov5n,6.jpg,0.7073147296905518,406.10671043395996,1.1327271461486816,europe-west9,500
1714061017.5765324,yolov5n,6.jpg,0.5008280277252197,513.8072967529297,1.0664780139923096,europe-west3,500
1714061018.463907,yolov5n,6.jpg,0.44431257247924805,423.6428737640381,0.8865716457366943,europe-west2,500
1714061019.8284206,yolov5n,6.jpg,0.5484368801116943,739.1259670257568,1.334010124206543,europe-west1,500
1714061021.3471766,yolov5n,6.jpg,0.5994019508361816,894.3521976470947,1.517958641052246,europe-west3,500
1714061022.779844,yolov5n,6.jpg,0.7239108085632324,662.635087966919,1.431861162185669,europe-west9,500
1714061024.2923968,yolov5n,6.jpg,0.6719727516174316,821.2776184082031,1.5117666721343994,europe-west2,500
1714061025.6223683,yolov5n,6.jpg,0.5629725456237793,720.0055122375488,1.3292126655578613,europe-west1,500
1714061026.859943,yolov5n,6.jpg,0.6094388961791992,595.9279537200928,1.2368435859680176,europe-west9,500
1714061028.3794568,yolov5n,6.jpg,0.5185348987579346,954.9560546875,1.5188148021697998,europe-west3,500
1714061029.6436577,yolov5n,6.jpg,0.49997949600219727,713.7084007263184,1.2634384632110596,europe-west2,500
1714061030.7105935,yolov5n,6.jpg,0.5871202945709229,417.9346561431885,1.0248982906341553,europe-west1,500
1714061032.0018573,yolov5n,6.jpg,0.6441373825073242,591.1970138549805,1.290520429611206,europe-west3,500
1714061032.8403208,yolov5n,6.jpg,0.5290169715881348,286.7553234100342,0.8376033306121826,europe-west9,500
1714061033.9582975,yolov5n,6.jpg,0.7006397247314453,360.60047149658203,1.117262601852417,europe-west2,500
1714061035.1781363,yolov5n,6.jpg,0.737231969833374,462.141752243042,1.2190566062927246,europe-west1,500
1714061036.1655242,yolov5n,6.jpg,0.6490612030029297,290.940523147583,0.9865174293518066,europe-west9,500
1714061037.3936403,yolov5n,6.jpg,0.6465539932250977,556.8268299102783,1.2273988723754883,europe-west3,500
1714061038.3377793,yolov5n,6.jpg,0.48926520347595215,406.30340576171875,0.9433197975158691,europe-west2,500
1714061039.583912,yolov5n,6.jpg,0.42749786376953125,765.4144763946533,1.2119207382202148,europe-west1,500
1714061041.2215476,yolov5n,6.jpg,0.6389048099517822,952.5277614593506,1.6368768215179443,europe-west3,500
1714061042.7222214,yolov5n,6.jpg,0.8603253364562988,587.8024101257324,1.4998197555541992,europe-west9,500
1714061043.997469,yolov5n,6.jpg,0.4771754741668701,778.0530452728271,1.274435043334961,europe-west2,500
1714061045.3545978,yolov5n,6.jpg,0.5649638175964355,743.7949180603027,1.356379508972168,europe-west1,500
1714061046.581357,yolov5n,6.jpg,0.5309209823608398,673.1138229370117,1.2259776592254639,europe-west9,500
1714061048.0940316,yolov5n,6.jpg,0.924062967300415,536.3571643829346,1.5119361877441406,europe-west3,500
1714061049.7331731,yolov5n,6.jpg,0.9029750823974609,713.8230800628662,1.638308048248291,europe-west2,500
1714061050.9667044,yolov5n,6.jpg,0.7230386734008789,426.8617630004883,1.2029104232788086,europe-west1,500
1714061052.4406052,yolov5n,6.jpg,0.7282912731170654,727.0939350128174,1.47318434715271,europe-west3,500
1714061053.4037552,yolov5n,6.jpg,0.5617444515228271,356.2803268432617,0.9623684883117676,europe-west9,500
1714061054.3635533,yolov5n,6.jpg,0.5302646160125732,410.8250141143799,0.9589900970458984,europe-west2,500
1714061055.3996196,yolov5n,6.jpg,0.609156608581543,381.7586898803711,1.0353713035583496,europe-west1,500
1714061056.5692327,yolov5n,6.jpg,0.7576744556427002,392.2617435455322,1.168808937072754,europe-west9,500
1714061058.2224784,yolov5n,6.jpg,0.7272675037384033,880.8484077453613,1.6524834632873535,europe-west3,500
1714061059.069904,yolov5n,6.jpg,0.3087606430053711,485.9046936035156,0.8466544151306152,europe-west2,500
