1714063783.0592911,yolov5n,6.jpg,0.531702995300293,618.9887523651123,1.1958916187286377,europe-west1,500
1714063784.4495673,yolov5n,6.jpg,0.42801904678344727,940.4644966125488,1.3895552158355713,europe-west3,500
1714063785.7272873,yolov5n,6.jpg,0.8040509223937988,426.8984794616699,1.2759363651275635,europe-west9,500
1714063787.009867,yolov5n,6.jpg,0.6623733043670654,563.1682872772217,1.2818915843963623,europe-west2,500
1714064089.033439,yolov5n,6.jpg,0.4055826663970947,166.3520336151123,0.593646764755249,europe-west2,2000
1714064089.5984218,yolov5n,6.jpg,0.3955388069152832,123.78525733947754,0.5643134117126465,europe-west2,2000
1714064090.2828567,yolov5n,6.jpg,0.4958021640777588,166.89038276672363,0.6838195323944092,europe-west1,2000
1714064091.0944195,yolov5n,6.jpg,0.596992015838623,170.99452018737793,0.8106050491333008,europe-west3,2000
1714064091.8495624,yolov5n,6.jpg,0.40714406967163086,271.9564437866211,0.7270629405975342,europe-west2,2000
1714064092.8832903,yolov5n,6.jpg,0.749298095703125,254.33349609375,1.032897710800171,europe-west2,2000
1714064093.8156288,yolov5n,6.jpg,0.5461204051971436,337.9178047180176,0.9312522411346436,europe-west1,2000
1714064094.659221,yolov5n,6.jpg,0.5131266117095947,311.8093013763428,0.8427734375,europe-west3,2000
1714064095.2275023,yolov5n,6.jpg,0.3904116153717041,98.33121299743652,0.5371689796447754,europe-west2,2000
1714064095.76329,yolov5n,6.jpg,0.4150829315185547,98.36888313293457,0.5351183414459229,europe-west2,2000
1714064096.4717805,yolov5n,6.jpg,0.5327215194702148,129.6982765197754,0.7077741622924805,europe-west1,2000
1714064097.2734268,yolov5n,6.jpg,0.6334168910980225,149.3692398071289,0.8010261058807373,europe-west3,2000
1714064170.5383465,yolov5n,6.jpg,0.44629359245300293,247.58672714233398,0.7393240928649902,europe-west2,2000
1714064171.3045847,yolov5n,6.jpg,0.49203968048095703,251.7399787902832,0.7655861377716064,europe-west2,2000
1714064172.2087154,yolov5n,6.jpg,0.6418919563293457,219.0418243408203,0.903465986251831,europe-west3,2000
1714064173.3573468,yolov5n,6.jpg,0.7431118488311768,345.2489376068115,1.1478891372680664,europe-west3,2000
1714064173.9230418,yolov5n,6.jpg,0.4102180004119873,106.83393478393555,0.535804271697998,europe-west2,2000
1714064174.5842896,yolov5n,6.jpg,0.5108423233032227,99.84493255615234,0.6605668067932129,europe-west2,2000
1714064175.658282,yolov5n,6.jpg,0.7658321857452393,289.6463871002197,1.0733258724212646,europe-west3,2000
1714064176.4603298,yolov5n,6.jpg,0.6011474132537842,144.27900314331055,0.8012881278991699,europe-west3,2000
1714064249.4419832,yolov5n,6.jpg,0.6182363033294678,314.60070610046387,0.950463056564331,europe-west2,2000
1714064250.4309049,yolov5n,6.jpg,0.6641874313354492,275.09284019470215,0.9882299900054932,europe-west2,2000
1714064251.4489212,yolov5n,6.jpg,0.8141241073608398,173.7675666809082,1.017277717590332,europe-west9,2000
1714064252.776374,yolov5n,6.jpg,0.9574778079986572,323.09842109680176,1.3254127502441406,europe-west3,2000
1714064253.4599779,yolov5n,6.jpg,0.48376893997192383,113.44623565673828,0.6484689712524414,europe-west2,2000
1714064253.836694,yolov5n,6.jpg,0.252349853515625,101.63021087646484,0.3760387897491455,europe-west2,2000
1714064254.7712796,yolov5n,6.jpg,0.5779056549072266,306.3993453979492,0.9338037967681885,europe-west9,2000
1714064255.608859,yolov5n,6.jpg,0.6554131507873535,157.97853469848633,0.8368537425994873,europe-west3,2000
1714064256.4991388,yolov5n,6.jpg,0.5315392017364502,272.3402976989746,0.8604872226715088,europe-west2,2000
1714064257.293525,yolov5n,6.jpg,0.530113935470581,246.09375,0.7936728000640869,europe-west2,2000
1714064257.833971,yolov5n,6.jpg,0.3696022033691406,119.29607391357422,0.5397627353668213,europe-west9,2000
1714064259.0760279,yolov5n,6.jpg,0.8936665058135986,326.9932270050049,1.2413630485534668,europe-west3,2000
1714064259.638467,yolov5n,6.jpg,0.379439115524292,88.00530433654785,0.529484748840332,europe-west2,2000
1714064260.258201,yolov5n,6.jpg,0.5081756114959717,92.31948852539062,0.6176910400390625,europe-west2,2000
1714064261.0572262,yolov5n,6.jpg,0.48011040687561035,274.66750144958496,0.7983453273773193,europe-west9,2000
1714064261.9236157,yolov5n,6.jpg,0.6665735244750977,147.0487117767334,0.8656692504882812,europe-west3,2000
1714064342.2966695,yolov5n,6.jpg,0.3263435363769531,263.12255859375,0.6074490547180176,europe-west2,2000
1714064343.1344123,yolov5n,6.jpg,0.5395312309265137,254.777193069458,0.8368513584136963,europe-west2,2000
1714064343.708851,yolov5n,6.jpg,0.4228668212890625,133.40258598327637,0.57379150390625,europe-west9,2000
1714064344.4222014,yolov5n,6.jpg,0.48298025131225586,182.358980178833,0.7126450538635254,europe-west1,2000
1714064424.8096251,yolov5n,6.jpg,0.5367488861083984,136.47937774658203,0.7091670036315918,europe-west2,2000
1714064425.39351,yolov5n,6.jpg,0.4435896873474121,94.8781967163086,0.582711935043335,europe-west2,2000
1714064426.327412,yolov5n,6.jpg,0.6108829975128174,299.593448638916,0.9332005977630615,europe-west9,2000
1714064427.2751784,yolov5n,6.jpg,0.6335468292236328,260.43033599853516,0.9470229148864746,europe-west3,2000
1714064427.8029733,yolov5n,6.jpg,0.3312361240386963,116.66059494018555,0.49944305419921875,europe-west2,2000
1714064428.3284214,yolov5n,6.jpg,0.3896024227142334,112.16902732849121,0.5247716903686523,europe-west2,2000
1714064429.1623077,yolov5n,6.jpg,0.6608624458312988,127.42090225219727,0.8332345485687256,europe-west9,2000
1714064430.1696618,yolov5n,6.jpg,0.6331708431243896,353.70349884033203,1.0066781044006348,europe-west3,2000
1714064431.0450344,yolov5n,6.jpg,0.5271563529968262,262.2110843658447,0.8335938453674316,europe-west2,2000
1714064432.0240588,yolov5n,6.jpg,0.6349034309387207,320.6756114959717,0.9783172607421875,europe-west2,2000
1714064433.0726726,yolov5n,6.jpg,0.7032079696655273,280.11178970336914,1.0479559898376465,europe-west9,2000
1714064433.7940655,yolov5n,6.jpg,0.5500121116638184,151.14521980285645,0.7193801403045654,europe-west3,2000
1714064434.450369,yolov5n,6.jpg,0.46477651596069336,101.837158203125,0.6207878589630127,europe-west2,2000
1714064435.089666,yolov5n,6.jpg,0.4764740467071533,141.36910438537598,0.6386725902557373,europe-west2,2000
1714064435.7422209,yolov5n,6.jpg,0.48416972160339355,119.91000175476074,0.651869535446167,europe-west9,2000
1714064437.0066583,yolov5n,6.jpg,0.8651530742645264,351.01890563964844,1.2637593746185303,europe-west3,2000
1714064437.9131737,yolov5n,6.jpg,0.5792350769042969,270.4169750213623,0.8674273490905762,europe-west2,2000
1714064438.9535797,yolov5n,6.jpg,0.7264907360076904,255.26165962219238,1.0396921634674072,europe-west2,2000
1714064439.646901,yolov5n,6.jpg,0.3878955841064453,283.557653427124,0.6925263404846191,europe-west9,2000
1714064440.560668,yolov5n,6.jpg,0.6935415267944336,169.39759254455566,0.9130754470825195,europe-west3,2000
1714064524.5134587,yolov5n,6.jpg,0.40111327171325684,91.1555290222168,0.5147912502288818,europe-west2,2000
1714064524.9657092,yolov5n,6.jpg,0.3071017265319824,97.62907028198242,0.45159482955932617,europe-west2,2000
1714064525.5138865,yolov5n,6.jpg,0.39699435234069824,133.15296173095703,0.5474772453308105,europe-west9,2000
1714064526.3074985,yolov5n,6.jpg,0.5681092739105225,179.6436309814453,0.7928962707519531,europe-west1,2000
1714064609.3441696,yolov5n,6.jpg,0.8973207473754883,377.92491912841797,1.3329529762268066,europe-west2,2000
1714064610.22799,yolov5n,6.jpg,0.5997314453125,265.3675079345703,0.883063554763794,europe-west2,2000
1714064610.9313123,yolov5n,6.jpg,0.5374693870544434,119.39334869384766,0.7025997638702393,europe-west9,2000
1714064611.7492828,yolov5n,6.jpg,0.5997765064239502,198.4114646911621,0.81722092628479,europe-west3,2000
1714064691.7789347,yolov5n,6.jpg,0.33091163635253906,106.21142387390137,0.4886751174926758,europe-west2,2000
1714064692.1571345,yolov5n,6.jpg,0.26499509811401367,88.72604370117188,0.37746667861938477,europe-west2,2000
1714064693.2423184,yolov5n,6.jpg,0.7360918521881104,306.00881576538086,1.0844054222106934,europe-west9,2000
1714064694.0944278,yolov5n,6.jpg,0.6530709266662598,181.50734901428223,0.8513243198394775,europe-west1,2000
1714064776.719522,yolov5n,6.jpg,0.5340614318847656,263.38958740234375,0.815284013748169,europe-west2,2000
1714064777.6051388,yolov5n,6.jpg,0.5895850658416748,251.68728828430176,0.8849368095397949,europe-west2,2000
1714064778.3949594,yolov5n,6.jpg,0.6324338912963867,134.8717212677002,0.7890739440917969,europe-west9,2000
1714064779.2036123,yolov5n,6.jpg,0.5371325016021729,220.3235626220703,0.8078556060791016,europe-west3,2000
1714064780.2858071,yolov5n,6.jpg,0.7603192329406738,272.45140075683594,1.0529255867004395,europe-west2,2000
1714064781.2279384,yolov5n,6.jpg,0.6162149906158447,280.49278259277344,0.9411289691925049,europe-west2,2000
1714064782.1197321,yolov5n,6.jpg,0.5785229206085205,294.5537567138672,0.8910744190216064,europe-west9,2000
1714064783.3286374,yolov5n,6.jpg,0.8259739875793457,335.53409576416016,1.208155870437622,europe-west3,2000
1714064783.7926598,yolov5n,6.jpg,0.3127903938293457,98.79779815673828,0.4321410655975342,europe-west2,2000
1714064784.314416,yolov5n,6.jpg,0.3960597515106201,82.02505111694336,0.5210826396942139,europe-west2,2000
1714064784.9782388,yolov5n,6.jpg,0.5286505222320557,112.0755672454834,0.6630852222442627,europe-west9,2000
1714064785.778642,yolov5n,6.jpg,0.6222512722015381,133.16965103149414,0.7997345924377441,europe-west3,2000
1714064868.967254,yolov5n,6.jpg,0.5772087574005127,248.39043617248535,0.8696820735931396,europe-west2,2000
1714064869.7635436,yolov5n,6.jpg,0.5104095935821533,266.8619155883789,0.7955820560455322,europe-west2,2000
1714064870.8526049,yolov5n,6.jpg,0.7512469291687012,279.48451042175293,1.0873093605041504,europe-west9,2000
1714064871.9342887,yolov5n,6.jpg,0.8099005222320557,241.5931224822998,1.08064603805542,europe-west1,2000
1714064872.4640234,yolov5n,6.jpg,0.3494699001312256,107.4972152709961,0.4991185665130615,europe-west2,2000
1714064872.9260516,yolov5n,6.jpg,0.31755948066711426,126.44839286804199,0.46139025688171387,europe-west2,2000
1714064873.5156152,yolov5n,6.jpg,0.39388370513916016,134.48739051818848,0.5888111591339111,europe-west9,2000
1714064874.5587654,yolov5n,6.jpg,0.7036592960357666,320.8162784576416,1.0423483848571777,europe-west1,2000
1714064875.1990838,yolov5n,6.jpg,0.3296513557434082,236.62424087524414,0.6095166206359863,europe-west2,2000
1714064876.1774004,yolov5n,6.jpg,0.6973767280578613,239.4695281982422,0.977607250213623,europe-west2,2000
1714064877.292085,yolov5n,6.jpg,0.8190658092498779,271.3029384613037,1.1140377521514893,europe-west9,2000
1714064878.0625854,yolov5n,6.jpg,0.5845818519592285,140.08474349975586,0.7696967124938965,europe-west1,2000
1714064878.7221284,yolov5n,6.jpg,0.5264973640441895,86.29631996154785,0.629542350769043,europe-west2,2000
1714064879.655367,yolov5n,6.jpg,0.6329641342163086,247.64370918273926,0.9325463771820068,europe-west2,2000
1714064880.7351594,yolov5n,6.jpg,0.791815996170044,259.169340133667,1.0790443420410156,europe-west9,2000
1714064881.696543,yolov5n,6.jpg,0.6086339950561523,301.0871410369873,0.9606375694274902,europe-west1,2000
1714064882.6069474,yolov5n,6.jpg,0.6144576072692871,249.00078773498535,0.8815274238586426,europe-west2,2000
1714064883.5707476,yolov5n,6.jpg,0.666309118270874,250.14686584472656,0.9630036354064941,europe-west2,2000
1714064884.2469256,yolov5n,6.jpg,0.5196740627288818,138.53836059570312,0.6754581928253174,europe-west9,2000
1714064885.0636454,yolov5n,6.jpg,0.6250200271606445,147.10187911987305,0.8159222602844238,europe-west1,2000
1714064885.8583493,yolov5n,6.jpg,0.615154504776001,94.60616111755371,0.7647988796234131,europe-west2,2000
1714064886.3025718,yolov5n,6.jpg,0.29895567893981934,125.77223777770996,0.44350671768188477,europe-west2,2000
1714064887.2143016,yolov5n,6.jpg,0.5937626361846924,265.514612197876,0.9110097885131836,europe-west9,2000
1714064887.9158452,yolov5n,6.jpg,0.38124799728393555,302.4163246154785,0.7008464336395264,europe-west1,2000
1714064888.7557118,yolov5n,6.jpg,0.5158276557922363,239.96639251708984,0.8087639808654785,europe-west2,2000
1714064889.5398202,yolov5n,6.jpg,0.5178494453430176,246.8705177307129,0.7830832004547119,europe-west2,2000
1714064890.1755915,yolov5n,6.jpg,0.43715381622314453,147.95780181884766,0.6350078582763672,europe-west9,2000
1714064891.0039022,yolov5n,6.jpg,0.6591153144836426,150.4654884338379,0.8275694847106934,europe-west1,2000
1714064891.7053897,yolov5n,6.jpg,0.5315024852752686,94.73323822021484,0.6711392402648926,europe-west2,2000
1714064892.2753887,yolov5n,6.jpg,0.44536328315734863,102.80895233154297,0.5692110061645508,europe-west2,2000
1714064893.2199018,yolov5n,6.jpg,0.6260781288146973,274.08576011657715,0.9438152313232422,europe-west9,2000
1714064894.1691482,yolov5n,6.jpg,0.6247210502624512,300.6327152252197,0.9485280513763428,europe-west1,2000
1714064894.806001,yolov5n,6.jpg,0.4535703659057617,98.08802604675293,0.5734806060791016,europe-west2,2000
1714064895.48693,yolov5n,6.jpg,0.5461211204528809,89.3712043762207,0.6801838874816895,europe-west2,2000
1714064896.16405,yolov5n,6.jpg,0.5188562870025635,139.96243476867676,0.6764202117919922,europe-west9,2000
1714064896.8546686,yolov5n,6.jpg,0.49352359771728516,144.9143886566162,0.6898784637451172,europe-west1,2000
1714064897.5024385,yolov5n,6.jpg,0.3430593013763428,255.77449798583984,0.6171853542327881,europe-west2,2000
1714064898.3351529,yolov5n,6.jpg,0.5301454067230225,248.92187118530273,0.8320093154907227,europe-west2,2000
1714064899.350006,yolov5n,6.jpg,0.705435037612915,286.27657890319824,1.014143705368042,europe-west9,2000
1714064900.3262608,yolov5n,6.jpg,0.6220300197601318,306.64944648742676,0.9755251407623291,europe-west1,2000
1714064901.1896255,yolov5n,6.jpg,0.5314154624938965,285.9039306640625,0.8342771530151367,europe-west2,2000
1714064902.5266438,yolov5n,6.jpg,1.0435316562652588,250.32758712768555,1.3363220691680908,europe-west2,2000
1714064903.3134305,yolov5n,6.jpg,0.6382627487182617,126.77192687988281,0.7860081195831299,europe-west9,2000
1714064903.9999976,yolov5n,6.jpg,0.5015013217926025,137.97807693481445,0.6858797073364258,europe-west1,2000
1714064904.5745716,yolov5n,6.jpg,0.39313435554504395,98.03152084350586,0.5423393249511719,europe-west2,2000
1714064905.218039,yolov5n,6.jpg,0.5332279205322266,92.69595146179199,0.6428048610687256,europe-west2,2000
1714064906.4029222,yolov5n,6.jpg,0.8501389026641846,289.3080711364746,1.1842389106750488,europe-west9,2000
1714064907.3831933,yolov5n,6.jpg,0.6561424732208252,304.57401275634766,0.9795169830322266,europe-west1,2000
1714064907.9884784,yolov5n,6.jpg,0.43345165252685547,97.72086143493652,0.5755941867828369,europe-west2,2000
1714064908.5549748,yolov5n,6.jpg,0.4327092170715332,115.27800559997559,0.5657656192779541,europe-west2,2000
1714064909.2348485,yolov5n,6.jpg,0.49889278411865234,132.07221031188965,0.6791141033172607,europe-west9,2000
1714064909.8575466,yolov5n,6.jpg,0.47303152084350586,131.34407997131348,0.6219768524169922,europe-west1,2000
1714064910.8344898,yolov5n,6.jpg,0.6295888423919678,260.6394290924072,0.9351663589477539,europe-west2,2000
1714064911.4934928,yolov5n,6.jpg,0.3998746871948242,241.2278652191162,0.6583476066589355,europe-west2,2000
1714064912.3956554,yolov5n,6.jpg,0.7188436985015869,134.0169906616211,0.9014303684234619,europe-west9,2000
1714064913.2568433,yolov5n,6.jpg,0.4864318370819092,321.32697105407715,0.8604798316955566,europe-west1,2000
1714064914.0676198,yolov5n,6.jpg,0.6511788368225098,110.56995391845703,0.7795615196228027,europe-west2,2000
1714064914.7503848,yolov5n,6.jpg,0.49798154830932617,127.48026847839355,0.6820089817047119,europe-west2,2000
1714064915.5389192,yolov5n,6.jpg,0.4945533275604248,276.1821746826172,0.7875351905822754,europe-west9,2000
1714064916.2148223,yolov5n,6.jpg,0.5011742115020752,128.9980411529541,0.6751673221588135,europe-west1,2000
1714064917.3437119,yolov5n,6.jpg,0.8086602687835693,276.11613273620605,1.100106954574585,europe-west2,2000
1714064918.2305305,yolov5n,6.jpg,0.5809082984924316,258.7878704071045,0.8860228061676025,europe-west2,2000
1714064919.1313488,yolov5n,6.jpg,0.5985965728759766,278.7594795227051,0.9001049995422363,europe-west9,2000
1714064919.796902,yolov5n,6.jpg,0.4574930667877197,160.44068336486816,0.6647806167602539,europe-west1,2000
1714065007.7325616,yolov5n,6.jpg,0.3106369972229004,111.67263984680176,0.467618465423584,europe-west2,2000
1714065008.241124,yolov5n,6.jpg,0.33045268058776855,160.1252555847168,0.5078065395355225,europe-west2,2000
1714065008.9207683,yolov5n,6.jpg,0.49958181381225586,131.6225528717041,0.6789298057556152,europe-west9,2000
1714065010.0611305,yolov5n,6.jpg,0.9131300449371338,211.90810203552246,1.1396164894104004,europe-west3,2000
1714065092.1611848,yolov5n,6.jpg,0.6492452621459961,300.8596897125244,0.9946269989013672,europe-west2,2000
1714065093.0306113,yolov5n,6.jpg,0.5949487686157227,252.37226486206055,0.8687007427215576,europe-west2,2000
1714065093.7471774,yolov5n,6.jpg,0.5178334712982178,152.56834030151367,0.7158808708190918,europe-west9,2000
1714065094.5360618,yolov5n,6.jpg,0.5646395683288574,193.81141662597656,0.7879948616027832,europe-west1,2000
1714065095.2018776,yolov5n,6.jpg,0.4905970096588135,99.83968734741211,0.636249303817749,europe-west2,2000
1714065095.6818633,yolov5n,6.jpg,0.3664975166320801,94.8948860168457,0.4792170524597168,europe-west2,2000
1714065096.5679185,yolov5n,6.jpg,0.5639026165008545,278.644323348999,0.885343074798584,europe-west9,2000
1714065097.6572666,yolov5n,6.jpg,0.7305984497070312,310.96363067626953,1.0885906219482422,europe-west1,2000
1714065178.537496,yolov5n,6.jpg,0.6062586307525635,258.1205368041992,0.8811042308807373,europe-west2,2000
1714065179.5163133,yolov5n,6.jpg,0.6791455745697021,254.78005409240723,0.978071928024292,europe-west2,2000
1714065180.1549408,yolov5n,6.jpg,0.48139166831970215,135.38241386413574,0.6379044055938721,europe-west9,2000
1714065181.0466688,yolov5n,6.jpg,0.657447338104248,185.47439575195312,0.8906731605529785,europe-west3,2000
1714065273.9250343,yolov5n,6.jpg,0.5637087821960449,89.99061584472656,0.6714692115783691,europe-west2,2000
1714065274.5844288,yolov5n,6.jpg,0.5041172504425049,110.21065711975098,0.6586742401123047,europe-west2,2000
1714065275.5453556,yolov5n,6.jpg,0.6192207336425781,282.8102111816406,0.9601609706878662,europe-west9,2000
1714065276.5908854,yolov5n,6.jpg,0.6795685291290283,343.9810276031494,1.044715404510498,europe-west1,2000
1714065277.4952211,yolov5n,6.jpg,0.5187892913818359,303.35259437561035,0.8703207969665527,europe-west2,2000
1714065278.115765,yolov5n,6.jpg,0.34340453147888184,256.2093734741211,0.6198668479919434,europe-west2,2000
1714065278.806127,yolov5n,6.jpg,0.5094549655914307,123.3820915222168,0.6895885467529297,europe-west9,2000
1714065279.7551265,yolov5n,6.jpg,0.6267640590667725,302.4907112121582,0.9482471942901611,europe-west1,2000
1714065280.6562765,yolov5n,6.jpg,0.5694282054901123,251.65247917175293,0.8692479133605957,europe-west2,2000
1714065281.5144606,yolov5n,6.jpg,0.5520780086517334,288.23041915893555,0.8574516773223877,europe-west2,2000
1714065282.7160919,yolov5n,6.jpg,0.8868217468261719,269.7114944458008,1.2008953094482422,europe-west9,2000
1714065283.3628626,yolov5n,6.jpg,0.5028481483459473,126.36089324951172,0.6459920406341553,europe-west1,2000
1714065283.852315,yolov5n,6.jpg,0.3200535774230957,93.97172927856445,0.4593849182128906,europe-west2,2000
1714065284.4091253,yolov5n,6.jpg,0.4054219722747803,122.82395362854004,0.5561337471008301,europe-west2,2000
1714065284.930861,yolov5n,6.jpg,0.3548612594604492,124.16243553161621,0.520643949508667,europe-west9,2000
1714065285.8666542,yolov5n,6.jpg,0.5764803886413574,305.3743839263916,0.9350247383117676,europe-west1,2000
1714065286.7060845,yolov5n,6.jpg,0.5392212867736816,253.0345916748047,0.8097937107086182,europe-west2,2000
1714065287.3611066,yolov5n,6.jpg,0.3647618293762207,238.95645141601562,0.6542279720306396,europe-west2,2000
1714065288.4927087,yolov5n,6.jpg,0.8440847396850586,268.7559127807617,1.130807876586914,europe-west9,2000
1714065289.3382294,yolov5n,6.jpg,0.6786198616027832,119.12107467651367,0.8443887233734131,europe-west1,2000
1714065289.826299,yolov5n,6.jpg,0.2877233028411865,140.28596878051758,0.4579174518585205,europe-west2,2000
1714065290.4765017,yolov5n,6.jpg,0.4841032028198242,111.40918731689453,0.648810863494873,europe-west2,2000
1714065291.1610446,yolov5n,6.jpg,0.47698235511779785,188.78936767578125,0.6837778091430664,europe-west9,2000
1714065292.2551167,yolov5n,6.jpg,0.754133939743042,292.35339164733887,1.0933382511138916,europe-west1,2000
1714065293.1238272,yolov5n,6.jpg,0.5570940971374512,244.1253662109375,0.8233458995819092,europe-west2,2000
1714065294.1134605,yolov5n,6.jpg,0.7064590454101562,238.92974853515625,0.9888918399810791,europe-west2,2000
1714065295.1357486,yolov5n,6.jpg,0.7037813663482666,272.9229927062988,1.0214781761169434,europe-west9,2000
1714065296.01068,yolov5n,6.jpg,0.6815435886383057,174.71837997436523,0.8741576671600342,europe-west1,2000
1714065296.5314991,yolov5n,6.jpg,0.35346078872680664,91.89772605895996,0.49031782150268555,europe-west2,2000
1714065297.002366,yolov5n,6.jpg,0.36893367767333984,83.04071426391602,0.47009825706481934,europe-west2,2000
1714065298.0206845,yolov5n,6.jpg,0.6765396595001221,297.0542907714844,1.0175235271453857,europe-west9,2000
1714065298.6459105,yolov5n,6.jpg,0.4766957759857178,130.0816535949707,0.624401330947876,europe-west1,2000
1714065299.5376847,yolov5n,6.jpg,0.5573718547821045,256.96778297424316,0.8580770492553711,europe-west2,2000
1714065300.5133765,yolov5n,6.jpg,0.7148482799530029,242.4943447113037,0.9749503135681152,europe-west2,2000
1714065301.0763786,yolov5n,6.jpg,0.3790774345397949,132.73000717163086,0.562300443649292,europe-west9,2000
1714065302.0044966,yolov5n,6.jpg,0.6012451648712158,303.97891998291016,0.9271078109741211,europe-west1,2000
1714065382.3884237,yolov5n,6.jpg,0.4740138053894043,153.1355381011963,0.6484344005584717,europe-west2,2000
1714065383.0111136,yolov5n,6.jpg,0.4610614776611328,105.79133033752441,0.6219460964202881,europe-west2,2000
1714065384.023526,yolov5n,6.jpg,0.6438252925872803,344.74945068359375,1.0117084980010986,europe-west9,2000
1714065385.1461856,yolov5n,6.jpg,0.6712803840637207,392.12727546691895,1.1219239234924316,europe-west3,2000
1714065465.128483,yolov5n,6.jpg,0.38274192810058594,265.76685905456543,0.6668787002563477,europe-west2,2000
1714065465.934283,yolov5n,6.jpg,0.5060625076293945,245.73111534118652,0.8049273490905762,europe-west2,2000
1714065466.6721177,yolov5n,6.jpg,0.5860199928283691,121.22774124145508,0.7370624542236328,europe-west9,2000
1714065467.5804508,yolov5n,6.jpg,0.6720983982086182,188.44151496887207,0.9067537784576416,europe-west1,2000
1714065468.1871133,yolov5n,6.jpg,0.4373362064361572,114.18485641479492,0.5772106647491455,europe-west2,2000
1714065468.7884912,yolov5n,6.jpg,0.44832611083984375,105.01384735107422,0.6005678176879883,europe-west2,2000
1714065469.769286,yolov5n,6.jpg,0.6489567756652832,279.6454429626465,0.9799079895019531,europe-west9,2000
1714065470.8202658,yolov5n,6.jpg,0.703214168548584,325.09660720825195,1.0501606464385986,europe-west1,2000
1714065471.3229785,yolov5n,6.jpg,0.31488752365112305,110.46242713928223,0.4743201732635498,europe-west2,2000
1714065471.7995312,yolov5n,6.jpg,0.362001895904541,90.39855003356934,0.47586727142333984,europe-west2,2000
1714065472.4782426,yolov5n,6.jpg,0.5023093223571777,133.2240104675293,0.6780216693878174,europe-west9,2000
1714065473.2598386,yolov5n,6.jpg,0.6146869659423828,143.7835693359375,0.7809133529663086,europe-west1,2000
1714065474.266927,yolov5n,6.jpg,0.6789531707763672,239.63332176208496,0.9650239944458008,europe-west2,2000
1714065475.0274975,yolov5n,6.jpg,0.4772679805755615,256.2732696533203,0.7598011493682861,europe-west2,2000
1714065475.9171433,yolov5n,6.jpg,0.5591409206390381,279.4926166534424,0.8889322280883789,europe-west9,2000
1714065476.9144804,yolov5n,6.jpg,0.6465849876403809,320.15013694763184,0.99607253074646,europe-west1,2000
1714065554.6971993,yolov5n,6.jpg,0.4133293628692627,317.84749031066895,0.748779296875,europe-west2,2000
1714065555.541167,yolov5n,6.jpg,0.5443134307861328,249.47643280029297,0.843217134475708,europe-west2,2000
1714065556.1810527,yolov5n,6.jpg,0.4665677547454834,145.95890045166016,0.6391446590423584,europe-west9,2000
1714065557.0266192,yolov5n,6.jpg,0.6235964298248291,175.7063865661621,0.8448245525360107,europe-west3,2000
1714065647.2738345,yolov5n,6.jpg,0.44710683822631836,83.48488807678223,0.5568861961364746,europe-west2,2000
1714065647.7616916,yolov5n,6.jpg,0.3308687210083008,106.98890686035156,0.48697996139526367,europe-west2,2000
1714065648.7684536,yolov5n,6.jpg,0.6898627281188965,292.36745834350586,1.0060157775878906,europe-west9,2000
1714065649.5208757,yolov5n,6.jpg,0.5189156532287598,169.21544075012207,0.7511329650878906,europe-west1,2000
1714065732.186504,yolov5n,6.jpg,0.49057674407958984,88.63162994384766,0.6245393753051758,europe-west2,2000
1714065732.655756,yolov5n,6.jpg,0.3567838668823242,92.23604202270508,0.46846604347229004,europe-west2,2000
1714065733.3398702,yolov5n,6.jpg,0.5139870643615723,120.70965766906738,0.6832854747772217,europe-west9,2000
1714065734.1921306,yolov5n,6.jpg,0.5381927490234375,291.54086112976074,0.8514389991760254,europe-west3,2000
1714065814.3841374,yolov5n,6.jpg,0.6009504795074463,278.7787914276123,0.9326925277709961,europe-west2,2000
1714065815.1003056,yolov5n,6.jpg,0.44501805305480957,249.66955184936523,0.715395450592041,europe-west2,2000
1714065815.9088883,yolov5n,6.jpg,0.6139445304870605,144.84858512878418,0.8077278137207031,europe-west9,2000
1714065816.5405676,yolov5n,6.jpg,0.416179895401001,192.00706481933594,0.6308789253234863,europe-west1,2000
1714065817.112279,yolov5n,6.jpg,0.39842700958251953,96.91143035888672,0.5419437885284424,europe-west2,2000
1714065817.5399208,yolov5n,6.jpg,0.28217291831970215,90.59929847717285,0.42688584327697754,europe-west2,2000
1714065818.3113167,yolov5n,6.jpg,0.43765759468078613,309.7519874572754,0.7706513404846191,europe-west9,2000
1714065819.2377744,yolov5n,6.jpg,0.5698308944702148,310.4214668273926,0.9257016181945801,europe-west1,2000
1714065820.0953045,yolov5n,6.jpg,0.5562446117401123,245.164155960083,0.823772668838501,europe-west2,2000
1714065820.7617433,yolov5n,6.jpg,0.3635740280151367,241.96743965148926,0.6656928062438965,europe-west2,2000
1714065821.735533,yolov5n,6.jpg,0.6756556034088135,274.7488021850586,0.9719729423522949,europe-west9,2000
1714065822.682459,yolov5n,6.jpg,0.6505858898162842,244.36521530151367,0.9462184906005859,europe-west1,2000
1714065823.303936,yolov5n,6.jpg,0.47601771354675293,90.3940200805664,0.5909829139709473,europe-west2,2000
1714065823.8974814,yolov5n,6.jpg,0.44829559326171875,100.55303573608398,0.5927834510803223,europe-west2,2000
1714065824.5393357,yolov5n,6.jpg,0.4860496520996094,133.86034965515137,0.6410853862762451,europe-west9,2000
1714065825.3313174,yolov5n,6.jpg,0.4501039981842041,293.5371398925781,0.7912149429321289,europe-west1,2000
1714065907.6650066,yolov5n,6.jpg,0.5547356605529785,246.46735191345215,0.8481974601745605,europe-west2,2000
1714065908.476075,yolov5n,6.jpg,0.5545055866241455,237.86115646362305,0.810232400894165,europe-west2,2000
1714065909.1232953,yolov5n,6.jpg,0.4685676097869873,126.18112564086914,0.646503210067749,europe-west9,2000
1714065909.971322,yolov5n,6.jpg,0.6336393356323242,194.96464729309082,0.847257137298584,europe-west3,2000
1714065910.4184167,yolov5n,6.jpg,0.27175259590148926,99.13802146911621,0.4175834655761719,europe-west2,2000
1714065910.9731379,yolov5n,6.jpg,0.42398643493652344,111.72771453857422,0.5538773536682129,europe-west2,2000
1714065912.2346058,yolov5n,6.jpg,0.9341890811920166,273.9746570587158,1.2607195377349854,europe-west9,2000
1714065913.4319167,yolov5n,6.jpg,0.8259458541870117,349.50900077819824,1.1962792873382568,europe-west3,2000
1714065995.144074,yolov5n,6.jpg,0.5131607055664062,260.3433132171631,0.8177077770233154,europe-west2,2000
1714065995.9303045,yolov5n,6.jpg,0.4910259246826172,248.77405166625977,0.7854554653167725,europe-west2,2000
1714065996.627671,yolov5n,6.jpg,0.5056099891662598,173.25258255004883,0.6966245174407959,europe-west9,2000
1714065997.2887769,yolov5n,6.jpg,0.41831421852111816,187.6547336578369,0.6603615283966064,europe-west1,2000
1714065997.7555249,yolov5n,6.jpg,0.31469249725341797,103.53827476501465,0.43729639053344727,europe-west2,2000
1714065998.405659,yolov5n,6.jpg,0.5049545764923096,90.20447731018066,0.6482222080230713,europe-west2,2000
1714065999.324126,yolov5n,6.jpg,0.6079373359680176,278.5980701446533,0.9177389144897461,europe-west9,2000
1714066000.4787366,yolov5n,6.jpg,0.7894132137298584,311.7871284484863,1.1537272930145264,europe-west1,2000
1714066085.168482,yolov5n,6.jpg,0.6841826438903809,347.5637435913086,1.0472514629364014,europe-west2,2000
1714066086.0750124,yolov5n,6.jpg,0.6036183834075928,257.6465606689453,0.9055697917938232,europe-west2,2000
1714066086.6528292,yolov5n,6.jpg,0.398181676864624,126.88446044921875,0.5767092704772949,europe-west9,2000
1714066087.5550768,yolov5n,6.jpg,0.6902413368225098,192.80147552490234,0.9014332294464111,europe-west3,2000
1714066168.2367086,yolov5n,6.jpg,0.3688840866088867,250.25606155395508,0.6678898334503174,europe-west2,2000
1714066169.2372637,yolov5n,6.jpg,0.6787827014923096,285.46667098999023,0.9997425079345703,europe-west2,2000
1714066170.29139,yolov5n,6.jpg,0.7138833999633789,287.9469394683838,1.0526301860809326,europe-west9,2000
1714066171.350145,yolov5n,6.jpg,0.6521496772766113,371.28639221191406,1.0579400062561035,europe-west1,2000
1714066171.833365,yolov5n,6.jpg,0.31638312339782715,87.88847923278809,0.4530458450317383,europe-west2,2000
1714066172.3303237,yolov5n,6.jpg,0.3487884998321533,123.72016906738281,0.4962036609649658,europe-west2,2000
1714066172.9254627,yolov5n,6.jpg,0.4091978073120117,138.1361484527588,0.5944094657897949,europe-west9,2000
1714066173.8624804,yolov5n,6.jpg,0.5872495174407959,326.3399600982666,0.9362082481384277,europe-west1,2000
1714066255.0525606,yolov5n,6.jpg,0.6833224296569824,262.39466667175293,0.9636318683624268,europe-west2,2000
1714066256.106695,yolov5n,6.jpg,0.7509498596191406,257.34519958496094,1.0533506870269775,europe-west2,2000
1714066256.9133918,yolov5n,6.jpg,0.510500431060791,271.8167304992676,0.8058867454528809,europe-west9,2000
1714066257.8486023,yolov5n,6.jpg,0.5886120796203613,287.0171070098877,0.9345178604125977,europe-west3,2000
1714066258.322841,yolov5n,6.jpg,0.31547999382019043,102.97131538391113,0.44158005714416504,europe-west2,2000
1714066258.791771,yolov5n,6.jpg,0.30127549171447754,104.58660125732422,0.4682610034942627,europe-west2,2000
1714066259.472902,yolov5n,6.jpg,0.5454223155975342,112.68448829650879,0.6802732944488525,europe-west9,2000
1714066260.3488824,yolov5n,6.jpg,0.5052812099456787,315.2594566345215,0.8752667903900146,europe-west3,2000
1714066346.2866127,yolov5n,6.jpg,0.5830144882202148,419.07310485839844,1.0593602657318115,europe-west2,2000
1714066347.2054107,yolov5n,6.jpg,0.6457476615905762,254.06789779663086,0.9179348945617676,europe-west2,2000
1714066348.1809032,yolov5n,6.jpg,0.6616873741149902,266.93224906921387,0.9747631549835205,europe-west9,2000
1714066348.8676789,yolov5n,6.jpg,0.4839646816253662,178.16662788391113,0.6859786510467529,europe-west1,2000
1714066428.6989954,yolov5n,6.jpg,0.35929393768310547,91.88508987426758,0.500213623046875,europe-west2,2000
1714066429.1509233,yolov5n,6.jpg,0.3332083225250244,100.30603408813477,0.4511411190032959,europe-west2,2000
1714066430.1249146,yolov5n,6.jpg,0.6523561477661133,273.79560470581055,0.9732213020324707,europe-west9,2000
1714066430.9943929,yolov5n,6.jpg,0.6561317443847656,193.91417503356934,0.8686661720275879,europe-west3,2000
1714066512.9428103,yolov5n,6.jpg,0.48162221908569336,252.88152694702148,0.7769651412963867,europe-west2,2000
1714066514.0093088,yolov5n,6.jpg,0.7402472496032715,270.4019546508789,1.0657069683074951,europe-west2,2000
1714066514.619657,yolov5n,6.jpg,0.4692084789276123,122.59197235107422,0.6095564365386963,europe-west9,2000
1714066515.2840242,yolov5n,6.jpg,0.4456477165222168,169.56806182861328,0.6636650562286377,europe-west1,2000
1714066515.9518752,yolov5n,6.jpg,0.4979283809661865,120.7132339477539,0.6361865997314453,europe-west2,2000
1714066516.6239555,yolov5n,6.jpg,0.5223214626312256,98.39248657226562,0.6713864803314209,europe-west2,2000
1714066517.4621794,yolov5n,6.jpg,0.5467863082885742,271.81077003479004,0.8374578952789307,europe-west9,2000
1714066518.4145026,yolov5n,6.jpg,0.6000838279724121,302.54173278808594,0.9515833854675293,europe-west1,2000
1714066519.3760672,yolov5n,6.jpg,0.5880465507507324,313.26842308044434,0.9317009449005127,europe-west2,2000
1714066520.38403,yolov5n,6.jpg,0.6744484901428223,285.56299209594727,1.0064411163330078,europe-west2,2000
1714066520.9045236,yolov5n,6.jpg,0.36762189865112305,114.87030982971191,0.5196781158447266,europe-west9,2000
1714066521.4860747,yolov5n,6.jpg,0.391599178314209,134.97114181518555,0.5808577537536621,europe-west1,2000
1714066522.0320127,yolov5n,6.jpg,0.3540685176849365,92.24939346313477,0.5144374370574951,europe-west2,2000
1714066522.4504,yolov5n,6.jpg,0.29810476303100586,96.85182571411133,0.4173908233642578,europe-west2,2000
1714066523.2084389,yolov5n,6.jpg,0.4442174434661865,261.49916648864746,0.7572922706604004,europe-west9,2000
1714066524.0616422,yolov5n,6.jpg,0.5386950969696045,295.2864170074463,0.8524723052978516,europe-west1,2000
1714066524.6194365,yolov5n,6.jpg,0.36011195182800293,120.92065811157227,0.5291457176208496,europe-west2,2000
1714066525.0772295,yolov5n,6.jpg,0.33202672004699707,102.89907455444336,0.4571073055267334,europe-west2,2000
1714066525.7285483,yolov5n,6.jpg,0.47565627098083496,115.51213264465332,0.6506004333496094,europe-west9,2000
1714066526.4117742,yolov5n,6.jpg,0.5216362476348877,135.67066192626953,0.6822981834411621,europe-west1,2000
1714066527.383845,yolov5n,6.jpg,0.5805058479309082,301.45812034606934,0.9384496212005615,europe-west2,2000
1714066528.1871672,yolov5n,6.jpg,0.5423219203948975,240.14616012573242,0.8024678230285645,europe-west2,2000
1714066528.9679456,yolov5n,6.jpg,0.4631078243255615,270.6911563873291,0.7799437046051025,europe-west9,2000
1714066529.952975,yolov5n,6.jpg,0.666954517364502,294.5437431335449,0.9842934608459473,europe-west1,2000
1714066614.3839204,yolov5n,6.jpg,0.5274033546447754,320.99390029907227,0.8700470924377441,europe-west2,2000
1714066615.1054919,yolov5n,6.jpg,0.4007697105407715,274.2784023284912,0.720780611038208,europe-west2,2000
1714066615.8432744,yolov5n,6.jpg,0.5880680084228516,125.79202651977539,0.7370367050170898,europe-west9,2000
1714066616.7026737,yolov5n,6.jpg,0.6131167411804199,189.1000270843506,0.8587102890014648,europe-west3,2000
1714066700.8298554,yolov5n,6.jpg,0.4200623035430908,118.14737319946289,0.5614070892333984,europe-west2,2000
1714066701.3320968,yolov5n,6.jpg,0.3653542995452881,93.42598915100098,0.5015435218811035,europe-west2,2000
1714066702.1208909,yolov5n,6.jpg,0.4722461700439453,294.20971870422363,0.7880170345306396,europe-west9,2000
1714066702.8175025,yolov5n,6.jpg,0.45363926887512207,196.0742473602295,0.6958756446838379,europe-west1,2000
1714066703.4222896,yolov5n,6.jpg,0.4310770034790039,93.20068359375,0.5750720500946045,europe-west2,2000
1714066703.8617303,yolov5n,6.jpg,0.329082727432251,91.79139137268066,0.43869614601135254,europe-west2,2000
1714066704.4836843,yolov5n,6.jpg,0.44809484481811523,121.75559997558594,0.6212098598480225,europe-west9,2000
1714066705.1740916,yolov5n,6.jpg,0.3793318271636963,286.5123748779297,0.689673900604248,europe-west1,2000
1714066705.9522412,yolov5n,6.jpg,0.45192408561706543,249.434232711792,0.7484021186828613,europe-west2,2000
1714066706.8284633,yolov5n,6.jpg,0.5854544639587402,267.6374912261963,0.8754160404205322,europe-west2,2000
1714066707.5892396,yolov5n,6.jpg,0.6007893085479736,111.88197135925293,0.7600150108337402,europe-west9,2000
1714066708.3601756,yolov5n,6.jpg,0.6207456588745117,131.3328742980957,0.7700667381286621,europe-west1,2000
1714066786.8342326,yolov5n,6.jpg,0.37561964988708496,118.3013916015625,0.5406355857849121,europe-west2,2000
1714066787.4083414,yolov5n,6.jpg,0.4070436954498291,112.0457649230957,0.5733263492584229,europe-west2,2000
1714066788.2046237,yolov5n,6.jpg,0.5080342292785645,269.67668533325195,0.7951464653015137,europe-west9,2000
1714066789.2545285,yolov5n,6.jpg,0.8031260967254639,197.4935531616211,1.0491235256195068,europe-west3,2000
1714066880.0012288,yolov5n,6.jpg,0.5660955905914307,362.64920234680176,0.954078197479248,europe-west2,2000
1714066880.669153,yolov5n,6.jpg,0.304959774017334,310.8830451965332,0.6667218208312988,europe-west2,2000
1714066881.6335394,yolov5n,6.jpg,0.644676685333252,296.3132858276367,0.9636108875274658,europe-west9,2000
1714066882.4682329,yolov5n,6.jpg,0.6132416725158691,176.61619186401367,0.8338010311126709,europe-west1,2000
1714066883.1202216,yolov5n,6.jpg,0.48287415504455566,117.5537109375,0.6225199699401855,europe-west2,2000
1714066883.7804224,yolov5n,6.jpg,0.5157947540283203,98.1895923614502,0.6594672203063965,europe-west2,2000
1714066884.4953341,yolov5n,6.jpg,0.5713908672332764,119.60911750793457,0.7140998840332031,europe-west9,2000
1714066885.467479,yolov5n,6.jpg,0.6245532035827637,295.3941822052002,0.9706201553344727,europe-west1,2000
1714066886.4674935,yolov5n,6.jpg,0.5502288341522217,369.7669506072998,0.9708502292633057,europe-west2,2000
1714066887.2256424,yolov5n,6.jpg,0.4651806354522705,274.48487281799316,0.7573714256286621,europe-west2,2000
1714066887.952641,yolov5n,6.jpg,0.564875602722168,114.72439765930176,0.726254940032959,europe-west9,2000
1714066888.63089,yolov5n,6.jpg,0.5153110027313232,140.76495170593262,0.6774308681488037,europe-west1,2000
1714066889.1510756,yolov5n,6.jpg,0.31308817863464355,124.6788501739502,0.48969459533691406,europe-west2,2000
1714066889.687071,yolov5n,6.jpg,0.3933725357055664,119.1701889038086,0.5351207256317139,europe-west2,2000
1714066890.5429683,yolov5n,6.jpg,0.5181207656860352,290.47656059265137,0.8550553321838379,europe-west9,2000
1714066891.5428507,yolov5n,6.jpg,0.6793506145477295,286.6511344909668,0.9991858005523682,europe-west1,2000
1714066892.5032778,yolov5n,6.jpg,0.6052560806274414,269.65832710266113,0.9206011295318604,europe-west2,2000
1714066893.3899875,yolov5n,6.jpg,0.6058366298675537,258.18896293640137,0.8859493732452393,europe-west2,2000
1714066894.0955846,yolov5n,6.jpg,0.5179526805877686,128.7403106689453,0.7048392295837402,europe-west9,2000
1714066894.6802115,yolov5n,6.jpg,0.3875434398651123,146.6987133026123,0.5830965042114258,europe-west1,2000
1714066895.1677396,yolov5n,6.jpg,0.3269057273864746,108.84690284729004,0.4592442512512207,europe-west2,2000
1714066895.7767084,yolov5n,6.jpg,0.4609522819519043,97.7022647857666,0.6082243919372559,europe-west2,2000
1714066896.755277,yolov5n,6.jpg,0.6707656383514404,288.8355255126953,0.9777710437774658,europe-west9,2000
1714066897.5906343,yolov5n,6.jpg,0.4976201057434082,284.9903106689453,0.8345637321472168,europe-west1,2000
1714066985.8308957,yolov5n,6.jpg,0.6616225242614746,261.0468864440918,0.9468674659729004,europe-west2,2000
1714066986.5883842,yolov5n,6.jpg,0.4684274196624756,241.17255210876465,0.7565107345581055,europe-west2,2000
1714066987.3067942,yolov5n,6.jpg,0.4722483158111572,218.40500831604004,0.7175946235656738,europe-west3,2000
1714066987.8941448,yolov5n,6.jpg,0.3966553211212158,145.13349533081055,0.5859746932983398,europe-west1,2000
1714066988.657945,yolov5n,6.jpg,0.44031763076782227,266.2241458892822,0.7354822158813477,europe-west2,2000
1714066989.3768816,yolov5n,6.jpg,0.3880293369293213,284.88683700561523,0.7174561023712158,europe-west2,2000
1714066990.452331,yolov5n,6.jpg,0.6984760761260986,327.27932929992676,1.0746986865997314,europe-west3,2000
1714066991.3806307,yolov5n,6.jpg,0.577197790145874,323.47607612609863,0.9274163246154785,europe-west1,2000
1714066991.90527,yolov5n,6.jpg,0.33707571029663086,111.71960830688477,0.49759864807128906,europe-west2,2000
1714066992.5159993,yolov5n,6.jpg,0.47861456871032715,113.14892768859863,0.6097848415374756,europe-west2,2000
1714066993.1634138,yolov5n,6.jpg,0.48010730743408203,124.16696548461914,0.6466529369354248,europe-west3,2000
1714066993.7161727,yolov5n,6.jpg,0.39296388626098633,139.50467109680176,0.5520801544189453,europe-west1,2000
1714066994.4085913,yolov5n,6.jpg,0.3645291328430176,244.64058876037598,0.6598458290100098,europe-west2,2000
1714066995.0578384,yolov5n,6.jpg,0.3681924343109131,255.2201747894287,0.6478769779205322,europe-west2,2000
1714066996.356276,yolov5n,6.jpg,0.9307072162628174,314.9268627166748,1.2977261543273926,europe-west3,2000
1714066997.1125762,yolov5n,6.jpg,0.45184755325317383,276.60393714904785,0.7554047107696533,europe-west1,2000
1714066997.748956,yolov5n,6.jpg,0.4599747657775879,107.83600807189941,0.608893871307373,europe-west2,2000
1714066998.1913774,yolov5n,6.jpg,0.295886754989624,95.92676162719727,0.44147276878356934,europe-west2,2000
1714066998.946452,yolov5n,6.jpg,0.5929014682769775,136.98911666870117,0.7542474269866943,europe-west3,2000
1714066999.5154936,yolov5n,6.jpg,0.37831664085388184,141.84212684631348,0.5682525634765625,europe-west1,2000
1714067081.3519824,yolov5n,6.jpg,0.5832881927490234,318.589448928833,0.9204285144805908,europe-west2,2000
1714067082.2536821,yolov5n,6.jpg,0.5596311092376709,293.9934730529785,0.9009456634521484,europe-west2,2000
1714067083.0555897,yolov5n,6.jpg,0.6240122318267822,148.74625205993652,0.801109790802002,europe-west9,2000
1714067083.6812072,yolov5n,6.jpg,0.42142653465270996,149.81555938720703,0.6248643398284912,europe-west1,2000
1714067084.1080797,yolov5n,6.jpg,0.2760343551635742,97.4724292755127,0.3973705768585205,europe-west2,2000
1714067084.5764182,yolov5n,6.jpg,0.329526424407959,92.17381477355957,0.46764540672302246,europe-west2,2000
1714067085.4507103,yolov5n,6.jpg,0.5412065982818604,280.2588939666748,0.8735899925231934,europe-west9,2000
1714067086.3954782,yolov5n,6.jpg,0.6176669597625732,304.934024810791,0.9440066814422607,europe-west1,2000
1714067087.430731,yolov5n,6.jpg,0.6352758407592773,312.1044635772705,0.9981465339660645,europe-west2,2000
1714067088.3762052,yolov5n,6.jpg,0.644158124923706,282.1202278137207,0.9446797370910645,europe-west2,2000
1714067089.113983,yolov5n,6.jpg,0.5643157958984375,125.57673454284668,0.7369799613952637,europe-west9,2000
1714067089.7075055,yolov5n,6.jpg,0.4348750114440918,139.37878608703613,0.5927162170410156,europe-west1,2000
1714067090.407584,yolov5n,6.jpg,0.4976844787597656,123.89159202575684,0.6702308654785156,europe-west2,2000
1714067090.9913874,yolov5n,6.jpg,0.37776851654052734,186.25736236572266,0.5829546451568604,europe-west2,2000
1714067091.8051605,yolov5n,6.jpg,0.484325647354126,271.69179916381836,0.812920331954956,europe-west9,2000
1714067092.8410254,yolov5n,6.jpg,0.7266974449157715,288.8302803039551,1.0347545146942139,europe-west1,2000
1714067093.5976162,yolov5n,6.jpg,0.4326934814453125,252.06637382507324,0.7265768051147461,europe-west2,2000
1714067094.2033627,yolov5n,6.jpg,0.3351712226867676,248.78311157226562,0.605027437210083,europe-west2,2000
1714067095.3866463,yolov5n,6.jpg,1.01173734664917,128.05485725402832,1.1826064586639404,europe-west9,2000
1714067095.8473113,yolov5n,6.jpg,0.28339123725891113,125.1211166381836,0.45986390113830566,europe-west1,2000
